tag,tmax,tmin,niederschlag_mm
2017-03-15,12.2,4.1,0.0
2017-03-16,15.0,3.0,0.0
2017-03-17,14.1,3.9,0.8
2017-03-18,8.9,5.6,11.5
2017-03-19,13.2,7.8,14.1
2017-03-20,12.7,8.0,1.9
2017-03-21,10.6,5.7,5.8
2017-03-22,8.9,3.8,1.1
2017-03-23,11.5,4.9,0.6
2017-03-24,12.4,4.8,0.0
2017-03-25,14.0,1.7,0.0
2017-03-26,13.3,3.2,0.0
2017-03-27,15.5,0.9,0.0
2017-03-28,18.6,1.8,0.0
2017-03-29,16.8,8.8,0.0
2017-03-30,18.2,5.9,0.0
2017-03-31,22.2,5.2,0.0
2017-04-01,20.0,6.0,0.3
2017-04-02,17.4,7.7,5.1
2017-04-03,16.6,8.4,0.5
2017-04-04,13.2,5.1,0.7
2017-04-05,13.2,1.2,0.0
2017-04-06,10.4,3.3,0.0
2017-04-07,10.7,3.2,0.0
2017-04-08,14.6,6.8,0.0
2017-04-09,18.5,4.3,0.0
2017-04-10,21.3,5.7,0.2
2017-04-11,11.8,4.8,0.0
2017-04-12,16.2,4.3,0.1
2017-04-13,12.8,8.0,1.0
2017-04-14,12.6,5.0,0.0
2017-04-15,12.5,5.9,1.8
2017-04-16,9.5,4.0,0.5
2017-04-17,7.7,2.5,12.0
2017-04-18,7.3,0.4,5.1
2017-04-19,5.6,-0.5,1.6
2017-04-20,8.9,-3.5,0.0
2017-04-21,12.6,-1.6,0.0
2017-04-22,9.2,4.0,2.1
2017-04-23,8.4,0.9,0.4
2017-04-24,13.9,-1.4,0.0
2017-04-25,11.2,4.8,1.2
2017-04-26,8.8,3.6,3.4
2017-04-27,9.3,2.4,2.3
2017-04-28,11.5,2.8,2.2
2017-04-29,12.6,3.1,1.0
2017-04-30,15.8,2.3,0.0
2017-05-01,11.1,4.5,3.0
2017-05-02,10.0,6.0,23.1
2017-05-03,12.1,2.7,5.2
2017-05-04,14.6,6.1,5.1
2017-05-05,13.5,7.0,0.6
2017-05-06,18.9,4.3,0.0
2017-05-07,16.0,11.1,3.3
2017-05-08,13.6,8.3,3.7
2017-05-09,10.8,3.9,0.1
2017-05-10,15.7,0.6,0.0
2017-05-11,21.3,3.5,3.8
2017-05-12,18.6,10.0,0.8
2017-05-13,19.8,10.1,0.1
2017-05-14,19.7,10.8,1.1
2017-05-15,19.4,10.4,0.8
2017-05-16,22.1,9.3,0.0
2017-05-17,24.6,10.1,0.0
2017-05-18,24.3,13.0,1.4
2017-05-19,19.5,9.9,9.4
2017-05-20,16.1,7.3,0.0
2017-05-21,18.3,5.5,0.0
2017-05-22,19.8,11.5,0.0
2017-05-23,23.1,9.3,0.1
2017-05-24,17.4,10.9,0.4
2017-05-25,20.0,10.5,0.1
2017-05-26,22.9,9.7,0.0
2017-05-27,25.3,11.8,0.0
2017-05-28,27.8,12.5,0.0
2017-05-29,28.9,15.5,0.0
2017-05-30,26.3,17.3,2.5
2017-05-31,22.3,14.6,0.0
2017-06-01,23.2,12.8,0.1
2017-06-02,25.1,12.1,0.0
2017-06-03,25.9,13.9,2.2
2017-06-04,18.8,13.9,23.0
2017-06-05,18.7,11.2,0.6
2017-06-06,20.1,9.8,4.2
2017-06-07,15.0,9.2,5.2
2017-06-08,20.4,9.0,0.0
2017-06-09,23.8,10.6,0.3
2017-06-10,21.5,9.6,0.1
2017-06-11,26.8,10.7,0.1
2017-06-12,23.1,14.5,0.2
2017-06-13,20.9,11.7,0.0
2017-06-14,23.1,10.3,0.0
2017-06-15,27.0,11.6,2.0
2017-06-16,21.5,15.0,0.8
2017-06-17,17.8,11.5,0.0
2017-06-18,23.0,14.0,0.0
2017-06-19,27.4,11.8,0.0
2017-06-20,30.2,14.6,0.0
2017-06-21,28.9,18.4,0.3
2017-06-22,31.5,16.9,0.0
2017-06-23,26.1,17.2,0.8
2017-06-24,24.2,16.0,0.0
2017-06-25,23.2,16.5,0.0
2017-06-26,26.1,16.7,0.0
2017-06-27,24.2,16.2,1.3
2017-06-28,22.1,16.4,12.8
2017-06-29,20.0,15.0,45.7
2017-06-30,20.4,13.9,0.4
2017-07-01,18.3,13.9,1.3
2017-07-02,20.0,13.9,0.6
2017-07-03,21.2,13.3,0.4
2017-07-04,23.6,13.2,0.0
2017-07-05,27.2,13.9,0.0
2017-07-06,29.3,14.9,0.0
2017-07-07,28.7,17.1,4.4
2017-07-08,28.6,16.7,0.0
2017-07-09,28.1,16.0,0.0
2017-07-10,23.8,18.0,5.9
2017-07-11,21.9,16.2,2.8
2017-07-12,20.3,14.3,13.2
2017-07-13,19.3,9.1,0.0
2017-07-14,19.9,10.9,4.0
2017-07-15,18.5,11.4,2.7
2017-07-16,22.2,10.6,0.0
2017-07-17,24.1,13.7,0.9
2017-07-18,27.0,15.6,0.2
2017-07-19,30.5,16.6,2.3
2017-07-20,23.2,18.0,4.7
2017-07-21,24.9,15.4,0.1
2017-07-22,25.0,16.9,2.3
2017-07-23,21.6,15.6,0.0
2017-07-24,17.9,13.7,5.0
2017-07-25,14.5,11.9,22.1
2017-07-26,16.2,12.8,21.9
2017-07-27,20.4,13.1,3.0
2017-07-28,20.2,15.1,3.8
2017-07-29,25.2,15.7,0.0
2017-07-30,27.0,17.4,1.2
2017-07-31,26.8,17.9,9.4
2017-08-01,29.6,18.1,1.0
2017-08-02,25.4,18.5,0.1
2017-08-03,26.6,17.6,6.1
2017-08-04,23.8,17.4,0.2
2017-08-05,25.8,14.8,0.6
2017-08-06,21.5,12.7,0.2
2017-08-07,23.8,10.7,0.0
2017-08-08,24.0,13.1,0.2
2017-08-09,22.0,14.6,2.4
2017-08-10,17.8,14.7,23.8
2017-08-11,16.6,13.3,4.9
2017-08-12,17.7,11.9,5.5
2017-08-13,21.1,13.9,3.3
2017-08-14,24.1,14.3,0.2
2017-08-15,28.8,14.5,4.8
2017-08-16,24.0,16.2,2.2
2017-08-17,25.9,15.7,0.1
2017-08-18,27.0,16.5,5.5
2017-08-19,20.1,14.2,1.7
2017-08-20,18.7,11.8,0.0
2017-08-21,19.7,9.3,0.0
2017-08-22,21.2,8.4,0.0
2017-08-23,23.6,10.9,0.0
2017-08-24,24.7,13.2,0.0
2017-08-25,25.2,13.5,0.1
2017-08-26,27.5,16.4,0.4
2017-08-27,25.5,16.7,0.0
2017-08-28,24.8,14.6,0.0
2017-08-29,27.1,12.6,0.0
2017-08-30,30.6,16.2,0.5
2017-08-31,22.1,15.1,6.3
2017-09-01,16.8,11.9,0.7
2017-09-02,17.3,8.8,0.0
2017-09-03,17.8,7.7,1.5
2017-09-04,19.3,6.7,0.2
2017-09-05,22.1,10.4,0.1
2017-09-06,20.5,14.5,0.8
2017-09-07,17.4,11.2,0.2
2017-09-08,18.3,12.7,0.1
2017-09-09,16.5,12.8,1.8
2017-09-10,18.1,11.2,0.9
2017-09-11,15.6,10.7,0.7
2017-09-12,16.4,10.8,4.7
2017-09-13,17.2,11.0,8.7
2017-09-14,13.9,10.7,26.6
2017-09-15,15.5,8.1,1.0
2017-09-16,15.2,4.5,6.2
2017-09-17,15.5,6.4,1.5
2017-09-18,14.5,6.9,5.0
2017-09-19,14.6,6.9,0.7
2017-09-20,14.5,6.9,2.2
2017-09-21,16.3,6.0,0.0
2017-09-22,18.0,5.4,0.0
2017-09-23,18.2,7.1,0.0
2017-09-24,17.0,9.2,0.4
2017-09-25,16.7,8.9,0.5
2017-09-26,17.5,8.7,2.3
2017-09-27,19.0,9.4,1.1
2017-09-28,20.2,9.3,0.0
2017-09-29,19.1,10.5,0.0
2017-09-30,22.0,11.3,7.0
2017-10-01,15.2,9.1,2.2
2017-10-02,16.1,8.1,1.9
2017-10-03,14.4,9.7,15.7
2017-10-04,13.9,7.4,0.0
2017-10-05,16.0,8.8,2.6
2017-10-06,11.3,6.9,5.2
2017-10-07,12.5,8.3,1.6
2017-10-08,14.0,9.4,3.1
2017-10-09,12.9,7.9,0.9
2017-10-10,13.1,10.0,1.3
2017-10-11,15.9,11.1,0.1
2017-10-12,17.5,11.0,0.3
2017-10-13,18.0,11.0,0.0
2017-10-14,19.6,8.5,0.0
2017-10-15,20.4,7.6,0.0
2017-10-16,21.9,9.5,0.0
2017-10-17,20.6,7.6,0.0
2017-10-18,19.2,7.1,0.0
2017-10-19,18.9,6.5,0.0
2017-10-20,17.4,7.4,1.0
2017-10-21,17.6,7.8,3.8
2017-10-22,11.1,7.8,3.4
2017-10-23,10.4,5.8,0.4
2017-10-24,12.5,8.6,0.0
2017-10-25,16.6,11.9,0.0
2017-10-26,15.8,9.5,0.1
2017-10-27,12.2,7.6,3.2
2017-10-28,9.5,6.3,0.0
2017-10-29,11.4,6.1,3.2
2017-10-30,8.4,3.9,0.2
2017-10-31,8.7,2.3,0.0
2017-11-01,11.9,5.1,0.7
2017-11-02,13.9,5.1,0.1
2017-11-03,11.8,5.0,0.0
2017-11-04,14.3,2.9,0.0
2017-11-05,10.6,5.5,7.5
2017-11-06,7.6,3.0,0.3
2017-11-07,9.2,2.8,0.0
2017-11-08,9.4,5.9,0.9
2017-11-09,9.2,5.5,0.5
2017-11-10,6.8,4.7,4.9
2017-11-11,7.2,2.9,8.4
2017-11-12,5.0,1.6,13.3
2017-11-13,6.6,-0.1,0.1
2017-11-14,5.7,-1.7,0.0
2017-11-15,5.9,0.1,0.0
2017-11-16,3.6,-2.0,0.0
2017-11-17,5.5,2.4,0.5
2017-11-18,6.0,3.6,0.0
2017-11-19,5.5,2.5,3.2
2017-11-20,4.7,1.8,3.7
2017-11-21,7.2,5.4,1.6
2017-11-22,11.9,3.8,0.0
2017-11-23,13.1,3.7,0.1
2017-11-24,14.0,8.5,3.5
2017-11-25,9.0,1.9,16.3
2017-11-26,3.4,0.3,0.4
2017-11-27,3.9,0.4,5.5
2017-11-28,4.8,1.4,8.6
2017-11-29,3.8,-2.0,0.7
2017-11-30,2.4,-1.7,2.9
2017-12-01,2.3,-2.6,0.3
2017-12-02,1.3,-2.8,0.0
2017-12-03,-0.6,-2.9,4.4
2017-12-04,3.3,-0.5,0.7
2017-12-05,4.0,2.2,0.3
2017-12-06,4.9,1.8,0.0
2017-12-07,6.0,-1.3,0.0
2017-12-08,6.5,-0.6,4.5
2017-12-09,0.6,-1.6,1.4
2017-12-10,6.1,-3.4,6.1
2017-12-11,6.7,3.2,10.5
2017-12-12,6.0,-1.4,0.8
2017-12-13,4.5,-1.9,2.6
2017-12-14,5.8,1.9,8.2
2017-12-15,4.0,0.3,8.1
2017-12-16,2.6,-0.6,2.4
2017-12-17,2.7,-0.8,0.4
2017-12-18,2.0,-1.7,1.0
2017-12-19,2.5,-1.9,0.4
2017-12-20,3.1,1.2,0.3
2017-12-21,5.8,2.5,2.5
2017-12-22,6.4,4.3,2.1
2017-12-23,7.7,4.1,0.0
2017-12-24,7.1,6.1,0.1
2017-12-25,6.2,0.2,0.0
2017-12-26,9.9,-0.2,0.3
2017-12-27,5.0,0.1,0.1
2017-12-28,3.5,-0.9,2.7
2017-12-29,2.3,-2.5,1.9
2017-12-30,9.8,0.6,6.0
2017-12-31,11.9,7.6,15.1
2018-01-01,10.2,4.5,1.7
2018-01-02,6.0,2.6,6.8
2018-01-03,9.6,3.3,17.4
2018-01-04,11.1,4.8,10.4
2018-01-05,9.5,6.3,5.6
2018-01-06,7.5,3.8,1.8
2018-01-07,6.2,3.6,0.0
2018-01-08,7.0,3.6,0.0
2018-01-09,7.3,2.4,0.1
2018-01-10,8.8,0.4,0.1
2018-01-11,4.5,-1.2,0.0
2018-01-12,4.5,1.3,0.0
2018-01-13,4.9,0.7,0.0
2018-01-14,3.5,-1.4,0.0
2018-01-15,4.2,-2.2,1.5
2018-01-16,6.5,3.2,11.2
2018-01-17,3.2,1.0,4.6
2018-01-18,8.8,0.9,3.8
2018-01-19,4.2,-0.5,2.8
2018-01-20,3.5,-0.3,10.4
2018-01-21,3.2,-0.7,1.1
2018-01-22,4.3,-1.5,6.3
2018-01-23,7.2,3.7,0.0
2018-01-24,10.8,5.7,0.0
2018-01-25,10.1,7.3,0.1
2018-01-26,7.9,5.7,3.8
2018-01-27,7.1,2.3,0.3
2018-01-28,7.0,3.8,0.0
2018-01-29,8.5,6.6,0.4
2018-01-30,8.0,1.0,0.6
2018-01-31,8.0,3.0,7.5
2018-02-01,5.7,1.0,5.7
2018-02-02,3.4,-1.5,1.6
2018-02-03,3.8,-2.7,2.3
2018-02-04,0.7,-3.5,6.5
2018-02-05,1.7,-4.6,0.0
2018-02-06,1.5,-8.9,0.0
2018-02-07,1.1,-8.6,0.0
2018-02-08,0.9,-7.4,0.0
2018-02-09,2.0,-5.2,0.0
2018-02-10,2.1,-5.6,0.1
2018-02-11,3.4,-1.4,1.4
2018-02-12,2.9,-2.6,1.1
2018-02-13,2.9,-4.1,0.0
2018-02-14,3.8,-7.1,0.0
2018-02-15,2.9,-5.0,4.2
2018-02-16,6.5,-2.7,1.5
2018-02-17,1.8,-4.2,0.6
2018-02-18,4.0,-3.5,0.0
2018-02-19,2.4,-4.4,0.0
2018-02-20,2.3,-5.3,0.0
2018-02-21,3.2,-3.9,0.0
2018-02-22,2.1,-3.8,0.0
2018-02-23,1.5,-5.0,0.0
2018-02-24,2.4,-6.0,0.0
2018-02-25,-2.2,-7.9,0.0
2018-02-26,-5.1,-9.0,0.0
2018-02-27,-5.0,-11.0,0.0
2018-02-28,-4.1,-11.7,0.0
2018-03-01,0.5,-9.5,0.0
2018-03-02,0.7,-7.7,0.0
2018-03-03,3.1,-4.1,1.6
2018-03-04,8.6,-1.3,1.4
2018-03-05,9.5,0.4,0.7
2018-03-06,5.8,-3.3,0.0
2018-03-07,8.7,1.7,0.1
2018-03-08,8.9,1.2,1.7
2018-03-09,7.6,1.4,6.0
2018-03-10,13.8,5.6,3.9
2018-03-11,16.2,3.2,0.4
2018-03-12,11.6,7.2,2.5
2018-03-13,9.1,3.7,6.3
2018-03-14,8.0,1.5,1.5
2018-03-15,10.7,-1.1,0.3
2018-03-16,8.8,2.8,3.9
2018-03-17,1.8,-3.6,0.4
2018-03-18,-0.1,-5.2,8.5
2018-03-19,1.7,-5.8,0.0
2018-03-20,3.2,-6.4,1.1
2018-03-21,4.7,-4.8,0.0
2018-03-22,3.9,-3.6,1.5
2018-03-23,6.8,0.9,1.1
2018-03-24,8.5,-1.0,0.0
2018-03-25,11.8,-3.5,0.0
2018-03-26,9.5,1.6,0.5
2018-03-27,9.3,-1.4,1.1
2018-03-28,10.7,4.3,9.6
2018-03-29,8.9,1.3,0.7
2018-03-30,13.2,-1.4,0.9
2018-03-31,10.3,3.9,5.2
2018-04-01,7.4,3.1,5.0
2018-04-02,13.4,0.1,0.0
2018-04-03,18.9,7.3,1.3
2018-04-04,20.3,7.2,3.4
2018-04-05,11.0,4.0,0.9
2018-04-06,12.6,-1.0,0.0
2018-04-07,18.9,2.6,0.0
2018-04-08,19.2,4.7,0.0
2018-04-09,20.2,3.7,0.0
2018-04-10,20.1,7.7,2.0
2018-04-11,16.2,7.1,6.2
2018-04-12,21.0,9.0,0.9
2018-04-13,13.3,8.7,9.0
2018-04-14,18.2,6.1,0.1
2018-04-15,20.0,5.7,0.0
2018-04-16,18.2,10.3,0.4
2018-04-17,21.1,7.6,0.0
2018-04-18,22.3,6.5,0.0
2018-04-19,24.1,7.5,0.0
2018-04-20,25.1,8.8,0.0
2018-04-21,24.7,9.6,0.0
2018-04-22,25.5,10.2,0.0
2018-04-23,19.1,13.0,2.0
2018-04-24,18.3,9.7,0.0
2018-04-25,18.2,11.6,0.7
2018-04-26,13.1,6.6,1.8
2018-04-27,17.9,3.7,0.0
2018-04-28,17.4,9.0,0.0
2018-04-29,23.2,9.8,3.1
2018-04-30,17.4,11.6,1.7
2018-05-01,11.0,5.6,0.0
2018-05-02,16.3,3.6,0.0
2018-05-03,18.2,9.9,0.0
2018-05-04,19.3,10.2,0.0
2018-05-05,21.1,9.9,0.0
2018-05-06,21.7,9.0,0.0
2018-05-07,23.2,9.6,0.0
2018-05-08,23.9,10.8,0.0
2018-05-09,23.0,11.6,0.3
2018-05-10,20.2,10.4,2.6
2018-05-11,17.6,11.3,0.1
2018-05-12,22.5,9.7,0.1
2018-05-13,23.9,13.0,14.8
2018-05-14,23.1,13.7,4.9
2018-05-15,19.7,12.4,0.2
2018-05-16,17.1,11.0,11.4
2018-05-17,17.9,11.2,5.7
2018-05-18,17.3,6.8,0.0
2018-05-19,18.9,7.9,0.0
2018-05-20,21.0,11.7,1.0
2018-05-21,22.8,12.3,0.2
2018-05-22,24.1,12.1,1.7
2018-05-23,21.8,13.8,4.4
2018-05-24,20.5,14.6,6.2
2018-05-25,22.9,11.3,0.2
2018-05-26,24.6,12.9,0.1
2018-05-27,24.7,12.8,0.0
2018-05-28,27.9,13.9,0.0
2018-05-29,28.0,16.2,3.9
2018-05-30,26.1,15.1,0.6
2018-05-31,26.9,16.1,2.3
2018-06-01,23.0,15.1,5.2
2018-06-02,22.9,14.4,0.0
2018-06-03,24.5,14.4,0.2
2018-06-04,26.3,14.7,0.0
2018-06-05,25.8,15.9,0.0
2018-06-06,26.5,15.1,0.0
2018-06-07,24.9,16.9,3.9
2018-06-08,26.2,15.7,1.3
2018-06-09,29.0,16.7,2.6
2018-06-10,25.8,17.1,1.6
2018-06-11,24.1,17.0,12.4
2018-06-12,18.7,15.6,6.8
2018-06-13,17.7,13.4,0.3
2018-06-14,18.9,11.5,0.0
2018-06-15,20.6,12.7,0.4
2018-06-16,23.6,13.0,0.0
2018-06-17,21.4,15.0,0.0
2018-06-18,21.1,13.4,0.0
2018-06-19,22.8,14.3,0.0
2018-06-20,27.4,13.9,0.0
2018-06-21,24.7,12.8,0.3
2018-06-22,15.2,9.2,0.9
2018-06-23,16.0,9.0,0.0
2018-06-24,18.9,10.0,0.0
2018-06-25,20.1,12.6,0.3
2018-06-26,21.2,13.6,0.5
2018-06-27,22.9,13.1,0.0
2018-06-28,24.0,12.8,1.1
2018-06-29,27.1,16.8,0.0
2018-06-30,24.9,16.2,0.0
2018-07-01,23.1,11.8,0.0
2018-07-02,24.3,11.4,0.0
2018-07-03,26.8,10.6,0.0
2018-07-04,28.9,13.2,0.0
2018-07-05,26.6,15.5,4.1
2018-07-06,24.7,17.1,6.3
2018-07-07,25.1,13.7,0.0
2018-07-08,25.8,13.1,0.0
2018-07-09,26.0,15.5,0.0
2018-07-10,21.7,14.7,2.4
2018-07-11,19.7,12.3,9.1
2018-07-12,22.4,12.8,1.8
2018-07-13,26.5,13.4,0.1
2018-07-14,27.0,13.7,0.0
2018-07-15,26.4,15.3,0.2
2018-07-16,25.0,15.6,3.1
2018-07-17,28.4,13.4,0.0
2018-07-18,26.4,17.0,0.0
2018-07-19,26.8,14.3,0.0
2018-07-20,29.1,13.7,0.0
2018-07-21,21.9,17.4,16.8
2018-07-22,21.0,16.6,3.6
2018-07-23,26.2,16.8,0.5
2018-07-24,29.2,16.5,0.0
2018-07-25,31.6,17.5,0.0
2018-07-26,30.5,17.4,0.0
2018-07-27,30.1,17.5,0.0
2018-07-28,30.3,17.3,0.8
2018-07-29,28.4,17.4,0.2
2018-07-30,32.1,18.1,0.0
2018-07-31,34.0,19.3,0.0
2018-08-01,31.0,22.7,0.6
2018-08-02,31.1,20.6,0.6
2018-08-03,31.5,20.2,0.2
2018-08-04,33.2,20.8,0.0
2018-08-05,29.0,21.6,0.0
2018-08-06,31.0,16.1,0.0
2018-08-07,33.1,18.1,0.0
2018-08-08,31.0,18.7,0.1
2018-08-09,32.9,18.8,0.7
2018-08-10,22.4,15.8,0.0
2018-08-11,23.2,14.9,0.0
2018-08-12,27.4,11.6,0.0
2018-08-13,27.1,13.2,2.3
2018-08-14,23.2,15.4,0.7
2018-08-15,23.3,15.6,0.2
2018-08-16,28.8,14.5,0.0
2018-08-17,30.1,15.8,0.0
2018-08-18,27.1,17.1,1.2
2018-08-19,29.0,15.4,0.0
2018-08-20,27.7,16.1,0.0
2018-08-21,27.7,17.6,0.0
2018-08-22,30.6,16.9,0.0
2018-08-23,29.2,17.9,0.9
2018-08-24,22.8,17.5,1.2
2018-08-25,17.3,13.2,1.4
2018-08-26,17.8,8.2,0.0
2018-08-27,19.8,11.4,0.2
2018-08-28,23.4,13.2,0.0
2018-08-29,29.3,10.8,0.0
2018-08-30,20.6,14.9,1.7
2018-08-31,18.2,13.2,0.4
2018-09-01,19.9,12.7,0.0
2018-09-02,18.1,14.7,1.1
2018-09-03,19.4,13.7,0.9
2018-09-04,23.8,13.7,0.7
2018-09-05,25.6,12.6,0.0
2018-09-06,25.6,13.0,2.1
2018-09-07,21.0,15.2,1.1
2018-09-08,20.8,13.8,0.0
2018-09-09,23.6,11.6,0.0
2018-09-10,26.1,9.0,0.0
2018-09-11,25.2,12.6,0.0
2018-09-12,28.7,13.1,0.0
2018-09-13,22.2,15.3,1.7
2018-09-14,20.3,13.6,0.4
2018-09-15,19.3,11.8,0.1
2018-09-16,22.4,8.8,0.0
2018-09-17,25.3,9.1,0.0
2018-09-18,28.4,10.3,0.0
2018-09-19,27.3,15.9,0.0
2018-09-20,28.0,14.6,0.0
2018-09-21,25.9,12.3,2.4
2018-09-22,17.0,9.6,0.0
2018-09-23,22.0,9.4,18.1
2018-09-24,13.7,6.9,0.0
2018-09-25,13.3,4.3,0.0
2018-09-26,16.5,2.5,0.0
2018-09-27,21.1,3.9,0.0
2018-09-28,19.7,8.1,0.0
2018-09-29,15.2,4.8,0.0
2018-09-30,17.2,2.5,0.0
2018-10-01,13.4,7.0,0.0
2018-10-02,9.7,3.5,1.4
2018-10-03,15.2,8.5,2.8
2018-10-04,16.2,3.8,0.0
2018-10-05,20.5,3.3,0.0
2018-10-06,23.6,7.2,0.0
2018-10-07,20.8,9.8,0.0
2018-10-08,19.6,7.8,0.0
2018-10-09,19.1,8.0,0.0
2018-10-10,21.1,7.4,0.0
2018-10-11,23.0,10.0,0.0
2018-10-12,24.0,11.1,0.0
2018-10-13,23.6,9.3,0.0
2018-10-14,22.8,8.4,0.0
2018-10-15,21.5,7.9,0.0
2018-10-16,21.6,6.5,0.0
2018-10-17,20.6,6.9,0.0
2018-10-18,19.5,7.6,0.0
2018-10-19,16.8,9.1,0.0
2018-10-20,16.3,6.5,0.0
2018-10-21,14.5,5.0,0.0
2018-10-22,15.1,2.3,0.1
2018-10-23,11.6,5.3,0.1
2018-10-24,13.6,10.8,3.2
2018-10-25,14.0,8.5,0.2
2018-10-26,13.2,5.5,0.0
2018-10-27,8.8,5.5,1.8
2018-10-28,5.9,3.3,7.8
2018-10-29,7.8,3.5,0.6
2018-10-30,10.5,4.9,2.5
2018-10-31,13.0,1.4,0.0
2018-11-01,12.0,1.9,1.5
2018-11-02,12.2,4.6,2.6
2018-11-03,12.2,7.0,0.0
2018-11-04,12.4,7.3,0.0
2018-11-05,15.9,6.6,0.0
2018-11-06,15.9,4.0,0.0
2018-11-07,14.2,5.2,0.0
2018-11-08,12.2,7.4,0.8
2018-11-09,12.1,4.9,0.5
2018-11-10,12.2,4.2,0.0
2018-11-11,14.3,7.2,2.9
2018-11-12,17.1,8.4,0.0
2018-11-13,11.7,6.8,2.2
2018-11-14,9.5,3.0,0.0
2018-11-15,7.3,0.9,0.0
2018-11-16,8.3,0.6,0.0
2018-11-17,8.7,1.1,0.0
2018-11-18,6.5,-1.1,0.0
2018-11-19,3.6,-0.4,1.5
2018-11-20,4.0,-0.1,0.6
2018-11-21,3.7,-1.6,0.0
2018-11-22,4.2,-0.3,0.0
2018-11-23,5.5,-3.5,0.0
2018-11-24,8.1,0.2,1.4
2018-11-25,6.8,2.1,0.3
2018-11-26,6.2,2.0,1.0
2018-11-27,2.7,1.5,0.7
2018-11-28,4.8,-0.5,0.0
2018-11-29,4.5,-0.4,0.8
2018-11-30,5.5,-0.1,3.1
2018-12-01,8.4,5.0,0.7
2018-12-02,10.9,5.7,14.7
2018-12-03,11.7,9.8,22.5
2018-12-04,9.9,-0.5,2.6
2018-12-05,5.4,-1.8,0.0
2018-12-06,9.5,2.8,2.9
2018-12-07,10.6,9.1,1.8
2018-12-08,7.7,4.5,8.1
2018-12-09,8.1,5.1,12.3
2018-12-10,5.3,1.8,3.1
2018-12-11,3.4,0.9,0.4
2018-12-12,3.5,-1.1,0.5
2018-12-13,1.1,-3.3,0.0
2018-12-14,-0.3,-3.7,0.0
2018-12-15,0.2,-2.6,0.0
2018-12-16,0.4,-3.9,2.5
2018-12-17,4.3,-0.4,0.6
2018-12-18,5.7,0.3,0.0
2018-12-19,3.2,-0.9,2.8
2018-12-20,6.6,2.3,3.6
2018-12-21,10.1,5.2,7.5
2018-12-22,10.1,6.7,4.7
2018-12-23,10.0,5.1,8.5
2018-12-24,10.3,0.4,15.5
2018-12-25,3.0,-1.3,0.0
2018-12-26,0.6,-4.2,0.0
2018-12-27,4.2,-1.3,0.0
2018-12-28,3.5,-3.2,0.5
2018-12-29,2.1,-3.4,1.7
2018-12-30,6.3,2.4,2.3
2018-12-31,7.3,4.4,0.9
2019-01-01,6.2,3.2,1.9
2019-01-02,3.3,-2.0,1.0
2019-01-03,1.4,-4.0,0.5
2019-01-04,1.7,-2.3,0.9
2019-01-05,5.2,1.4,6.3
2019-01-06,5.5,4.5,4.4
2019-01-07,4.4,2.8,1.8
2019-01-08,4.8,1.8,8.2
2019-01-09,3.1,0.6,2.8
2019-01-10,1.7,-3.3,0.3
2019-01-11,1.7,-4.0,5.2
2019-01-12,3.8,2.0,6.0
2019-01-13,7.1,2.9,13.3
2019-01-14,6.2,0.8,1.9
2019-01-15,4.3,0.0,0.1
2019-01-16,4.9,1.5,0.0
2019-01-17,5.7,0.8,5.0
2019-01-18,2.2,-3.9,0.1
2019-01-19,1.4,-5.6,0.0
2019-01-20,-0.5,-7.1,0.0
2019-01-21,-0.5,-7.0,0.0
2019-01-22,-1.4,-9.3,0.0
2019-01-23,-1.1,-4.9,0.1
2019-01-24,-1.4,-5.0,0.4
2019-01-25,-1.2,-5.4,0.1
2019-01-26,3.6,-1.3,3.1
2019-01-27,5.9,2.5,3.0
2019-01-28,1.8,0.2,5.3
2019-01-29,2.3,-3.0,0.5
2019-01-30,3.6,-3.4,0.6
2019-01-31,2.7,-4.5,1.4
2019-02-01,4.5,-3.8,2.3
2019-02-02,5.5,-1.1,1.8
2019-02-03,3.0,0.7,0.1
2019-02-04,3.8,-5.0,0.0
2019-02-05,3.7,-3.5,0.0
2019-02-06,5.7,-4.6,0.0
2019-02-07,4.3,-3.8,1.7
2019-02-08,8.0,0.6,0.2
2019-02-09,8.7,2.2,1.7
2019-02-10,10.7,4.0,5.6
2019-02-11,5.2,1.8,7.4
2019-02-12,4.2,0.5,0.0
2019-02-13,7.4,-1.7,0.0
2019-02-14,7.8,-3.5,0.0
2019-02-15,12.0,-2.9,0.0
2019-02-16,11.8,-3.3,0.0
2019-02-17,12.2,-2.6,0.0
2019-02-18,12.3,-2.0,0.0
2019-02-19,8.7,1.6,0.5
2019-02-20,9.2,-1.0,0.0
2019-02-21,9.7,1.3,0.0
2019-02-22,10.3,2.5,0.7
2019-02-23,6.5,-2.6,0.0
2019-02-24,8.7,-3.5,0.0
2019-02-25,12.1,-3.2,0.0
2019-02-26,14.3,-0.3,0.0
2019-02-27,13.9,-1.2,0.0
2019-02-28,15.0,0.9,0.0
2019-03-01,10.2,5.8,4.8
2019-03-02,8.3,3.7,0.8
2019-03-03,11.4,6.5,0.1
2019-03-04,11.6,4.2,1.5
2019-03-05,6.0,3.1,6.1
2019-03-06,13.7,2.5,0.1
2019-03-07,11.0,7.4,1.4
2019-03-08,7.8,4.6,2.5
2019-03-09,9.4,5.2,3.9
2019-03-10,13.0,5.8,6.7
2019-03-11,5.2,1.9,4.8
2019-03-12,8.7,0.7,0.1
2019-03-13,8.3,3.4,3.6
2019-03-14,6.1,2.9,8.9
2019-03-15,10.5,4.4,8.8
2019-03-16,11.2,8.2,14.3
2019-03-17,12.8,3.8,2.3
2019-03-18,8.0,0.8,1.0
2019-03-19,8.6,-2.0,0.0
2019-03-20,9.9,-3.0,0.0
2019-03-21,13.5,-0.7,0.0
2019-03-22,16.7,-0.3,0.0
2019-03-23,17.0,0.6,0.0
2019-03-24,13.0,4.4,0.5
2019-03-25,8.1,1.4,3.6
2019-03-26,7.3,1.2,0.0
2019-03-27,9.6,2.3,0.1
2019-03-28,12.0,1.3,0.0
2019-03-29,14.2,3.6,0.0
2019-03-30,18.4,0.5,0.0
2019-03-31,16.8,2.9,0.0
2019-04-01,15.6,2.9,0.0
2019-04-02,18.8,4.0,0.1
2019-04-03,14.0,6.0,6.3
2019-04-04,8.7,4.0,1.7
2019-04-05,9.6,3.7,2.0
2019-04-06,17.2,2.9,0.0
2019-04-07,17.2,4.7,0.0
2019-04-08,14.9,6.6,0.2
2019-04-09,15.3,5.8,0.6
2019-04-10,13.3,5.8,2.1
2019-04-11,9.8,1.0,0.0
2019-04-12,6.2,1.1,0.0
2019-04-13,6.4,0.4,0.6
2019-04-14,8.4,0.9,0.0
2019-04-15,15.5,1.7,0.0
2019-04-16,17.0,2.2,0.0
2019-04-17,18.1,7.2,0.0
2019-04-18,19.4,6.6,0.0
2019-04-19,21.2,7.7,0.0
2019-04-20,21.8,7.7,0.0
2019-04-21,21.8,6.7,0.0
2019-04-22,22.2,6.3,0.0
2019-04-23,21.6,9.9,0.0
2019-04-24,24.6,9.9,0.5
2019-04-25,23.9,7.4,0.0
2019-04-26,12.3,8.2,5.5
2019-04-27,13.6,6.3,4.3
2019-04-28,11.7,3.9,1.5
2019-04-29,12.3,3.1,4.9
2019-04-30,15.9,6.0,0.8
2019-05-01,17.4,4.9,0.3
2019-05-02,17.1,6.1,0.7
2019-05-03,11.8,5.8,1.2
2019-05-04,7.8,3.5,7.8
2019-05-05,9.5,0.3,0.6
2019-05-06,9.7,1.9,0.1
2019-05-07,12.0,1.1,0.6
2019-05-08,12.7,3.7,6.9
2019-05-09,13.6,7.2,10.2
2019-05-10,16.2,7.5,0.2
2019-05-11,15.6,7.8,12.9
2019-05-12,13.4,5.5,3.6
2019-05-13,13.9,3.9,0.0
2019-05-14,12.4,3.7,0.0
2019-05-15,11.9,2.6,0.0
2019-05-16,10.6,5.9,2.9
2019-05-17,17.5,7.3,2.3
2019-05-18,20.6,6.4,0.3
2019-05-19,21.2,9.4,0.2
2019-05-20,17.1,11.6,13.6
2019-05-21,15.9,11.8,24.7
2019-05-22,15.3,10.4,0.9
2019-05-23,18.4,6.0,0.0
2019-05-24,21.0,7.6,0.0
2019-05-25,20.1,10.7,5.5
2019-05-26,20.1,8.4,0.1
2019-05-27,18.4,11.9,1.7
2019-05-28,15.3,10.3,4.8
2019-05-29,15.0,8.3,1.0
2019-05-30,19.2,4.7,0.0
2019-05-31,21.4,11.9,0.7
2019-06-01,25.2,11.3,0.0
2019-06-02,27.6,12.7,0.0
2019-06-03,29.3,15.2,0.0
2019-06-04,28.1,14.1,0.0
2019-06-05,29.6,15.5,0.0
2019-06-06,22.2,11.9,1.5
2019-06-07,25.9,8.5,3.1
2019-06-08,19.5,11.4,0.9
2019-06-09,24.4,8.5,0.0
2019-06-10,22.5,13.8,11.2
2019-06-11,20.6,14.0,13.0
2019-06-12,18.0,11.9,6.7
2019-06-13,21.0,11.0,0.9
2019-06-14,26.4,11.9,0.3
2019-06-15,22.8,15.7,8.1
2019-06-16,19.8,14.5,6.7
2019-06-17,24.1,11.7,0.1
2019-06-18,27.0,13.1,0.0
2019-06-19,29.0,15.2,0.0
2019-06-20,24.2,16.5,4.0
2019-06-21,22.3,14.9,1.0
2019-06-22,23.8,14.7,7.9
2019-06-23,25.6,16.2,0.1
2019-06-24,29.1,16.6,0.0
2019-06-25,31.6,18.3,0.0
2019-06-26,33.2,19.3,0.0
2019-06-27,28.5,18.6,0.0
2019-06-28,25.8,14.4,0.0
2019-06-29,30.2,13.6,0.0
2019-06-30,33.4,15.0,0.0
2019-07-01,27.9,20.1,0.0
2019-07-02,23.9,14.8,0.0
2019-07-03,23.0,12.8,0.0
2019-07-04,23.6,11.9,0.0
2019-07-05,24.8,12.5,0.0
2019-07-06,28.1,14.1,0.0
2019-07-07,20.6,15.6,0.6
2019-07-08,19.9,11.3,0.0
2019-07-09,18.1,9.4,0.4
2019-07-10,22.5,8.6,0.0
2019-07-11,21.2,14.3,4.4
2019-07-12,22.5,12.8,12.9
2019-07-13,19.5,13.7,8.1
2019-07-14,20.8,12.6,0.7
2019-07-15,22.1,11.4,0.0
2019-07-16,22.0,10.0,0.0
2019-07-17,23.3,11.5,0.0
2019-07-18,25.0,11.9,0.0
2019-07-19,23.2,17.3,1.6
2019-07-20,29.9,14.7,0.0
2019-07-21,26.1,17.7,3.7
2019-07-22,27.1,14.6,0.0
2019-07-23,30.6,16.5,0.0
2019-07-24,33.6,18.1,0.0
2019-07-25,35.3,18.6,0.0
2019-07-26,35.2,20.3,0.0
2019-07-27,27.3,21.0,0.2
2019-07-28,25.5,18.0,10.5
2019-07-29,23.3,17.4,3.1
2019-07-30,26.5,15.4,0.4
2019-07-31,23.6,17.0,1.5
2019-08-01,24.1,13.1,0.0
2019-08-02,24.4,14.8,0.2
2019-08-03,21.5,15.0,4.5
2019-08-04,25.3,12.0,0.2
2019-08-05,24.6,14.3,1.0
2019-08-06,24.1,17.5,2.2
2019-08-07,20.0,16.2,22.6
2019-08-08,23.2,15.2,0.2
2019-08-09,29.7,13.3,0.0
2019-08-10,24.1,18.8,2.0
2019-08-11,27.4,14.8,3.3
2019-08-12,21.0,14.2,3.4
2019-08-13,19.1,12.7,0.1
2019-08-14,19.8,10.5,1.0
2019-08-15,20.2,12.2,4.1
2019-08-16,21.4,13.5,0.6
2019-08-17,22.1,12.8,1.3
2019-08-18,28.3,16.4,5.4
2019-08-19,22.8,16.4,0.3
2019-08-20,19.6,13.7,4.0
2019-08-21,21.2,10.3,0.0
2019-08-22,23.7,10.5,0.0
2019-08-23,25.5,10.5,0.0
2019-08-24,27.5,12.8,0.0
2019-08-25,28.8,16.2,0.0
2019-08-26,29.1,17.0,0.0
2019-08-27,29.0,17.0,0.2
2019-08-28,29.9,18.0,0.2
2019-08-29,28.4,18.0,0.3
2019-08-30,27.7,17.1,1.1
2019-08-31,29.6,16.3,0.0
2019-09-01,24.6,17.9,0.4
2019-09-02,20.8,12.6,0.1
2019-09-03,22.7,8.3,0.0
2019-09-04,24.5,9.8,0.0
2019-09-05,18.7,14.0,0.3
2019-09-06,18.5,9.2,0.0
2019-09-07,18.4,10.2,0.1
2019-09-08,16.4,10.1,2.0
2019-09-09,16.8,10.2,4.5
2019-09-10,17.9,7.4,0.0
2019-09-11,21.0,6.6,0.0
2019-09-12,21.8,15.0,0.1
2019-09-13,21.8,13.6,0.0
2019-09-14,22.6,13.2,0.0
2019-09-15,24.4,10.2,0.0
2019-09-16,22.0,9.5,0.5
2019-09-17,18.5,12.3,0.5
2019-09-18,16.9,6.9,0.0
2019-09-19,15.1,5.9,0.0
2019-09-20,16.9,3.9,0.0
2019-09-21,21.6,4.8,0.0
2019-09-22,22.8,7.4,0.0
2019-09-23,16.5,10.3,10.3
2019-09-24,18.5,9.0,0.2
2019-09-25,16.7,12.0,4.3
2019-09-26,17.4,12.2,4.1
2019-09-27,17.2,12.6,9.7
2019-09-28,16.8,12.2,1.4
2019-09-29,19.8,11.7,2.1
2019-09-30,16.2,12.6,4.9
2019-10-01,18.9,10.4,3.5
2019-10-02,15.7,8.0,4.5
2019-10-03,12.7,6.6,0.0
2019-10-04,11.5,6.7,2.1
2019-10-05,11.9,6.7,5.6
2019-10-06,9.7,3.7,11.4
2019-10-07,11.3,6.3,1.4
2019-10-08,13.4,9.6,10.0
2019-10-09,14.4,9.4,6.4
2019-10-10,13.1,8.6,6.2
2019-10-11,16.0,8.4,0.0
2019-10-12,20.9,10.1,0.1
2019-10-13,24.7,13.8,0.0
2019-10-14,23.0,11.3,0.0
2019-10-15,21.2,9.6,4.3
2019-10-16,14.8,10.2,3.5
2019-10-17,17.2,10.7,2.5
2019-10-18,17.5,10.7,2.6
2019-10-19,15.0,10.6,5.9
2019-10-20,18.2,11.6,4.5
2019-10-21,19.3,9.5,2.1
2019-10-22,17.7,9.2,0.1
2019-10-23,16.5,9.5,0.0
2019-10-24,16.7,7.7,0.0
2019-10-25,15.6,9.8,0.0
2019-10-26,17.5,8.1,0.0
2019-10-27,17.4,8.7,4.6
2019-10-28,9.8,2.7,0.2
2019-10-29,9.2,2.7,0.0
2019-10-30,8.3,3.9,0.0
2019-10-31,8.1,-0.8,0.0
2019-11-01,10.0,-0.1,3.4
2019-11-02,16.1,10.1,5.4
2019-11-03,14.0,9.9,7.8
2019-11-04,12.0,8.1,2.8
2019-11-05,10.9,5.7,1.8
2019-11-06,9.6,5.3,1.4
2019-11-07,11.1,4.3,0.7
2019-11-08,7.9,4.9,8.7
2019-11-09,8.0,0.8,3.1
2019-11-10,4.8,-2.4,0.0
2019-11-11,4.1,-3.7,0.0
2019-11-12,8.1,1.9,0.7
2019-11-13,6.6,1.2,0.0
2019-11-14,7.3,0.2,0.0
2019-11-15,7.9,1.1,3.9
2019-11-16,7.1,1.7,7.3
2019-11-17,7.1,1.2,1.3
2019-11-18,6.4,2.8,0.2
2019-11-19,6.0,1.7,0.2
2019-11-20,4.5,0.0,0.0
2019-11-21,6.2,0.9,0.0
2019-11-22,4.5,-0.7,0.0
2019-11-23,10.9,1.9,0.0
2019-11-24,9.1,2.5,0.0
2019-11-25,5.1,1.4,1.2
2019-11-26,9.5,3.1,0.7
2019-11-27,10.7,4.7,2.2
2019-11-28,9.9,8.0,1.4
2019-11-29,7.8,2.1,11.5
2019-11-30,5.1,-2.1,0.1
2019-12-01,2.8,-2.8,0.0
2019-12-02,4.5,-2.2,0.0
2019-12-03,4.6,0.6,0.0
2019-12-04,4.1,-2.5,0.0
2019-12-05,2.6,-4.2,0.0
2019-12-06,3.5,-0.9,2.0
2019-12-07,7.7,4.0,2.7
2019-12-08,9.6,5.1,2.1
2019-12-09,8.9,4.4,4.3
2019-12-10,4.7,-1.2,0.5
2019-12-11,2.7,-1.8,3.8
2019-12-12,4.0,-0.8,1.9
2019-12-13,4.4,-1.5,11.3
2019-12-14,7.0,3.1,6.6
2019-12-15,10.2,4.4,7.5
2019-12-16,11.6,4.9,1.6
2019-12-17,12.6,3.2,0.6
2019-12-18,10.5,5.2,0.2
2019-12-19,8.2,2.2,0.0
2019-12-20,8.8,1.2,4.2
2019-12-21,8.2,1.9,0.0
2019-12-22,7.7,1.0,5.4
2019-12-23,7.2,5.3,2.4
2019-12-24,6.8,3.5,4.0
2019-12-25,6.8,3.4,5.4
2019-12-26,5.2,0.3,0.0
2019-12-27,5.2,-0.2,0.5
2019-12-28,2.0,-3.4,0.0
2019-12-29,1.1,-5.7,0.0
2019-12-30,2.9,-5.8,0.0
2019-12-31,3.7,-3.2,0.0
2020-01-01,2.8,-5.1,0.0
2020-01-02,-0.1,-5.5,0.0
2020-01-03,6.3,-2.0,0.1
2020-01-04,6.7,1.9,1.4
2020-01-05,4.1,2.0,1.0
2020-01-06,3.9,-2.1,0.0
2020-01-07,4.2,-1.7,0.0
2020-01-08,6.4,0.4,4.0
2020-01-09,10.1,5.7,5.7
2020-01-10,9.9,5.6,3.6
2020-01-11,5.8,-0.9,0.2
2020-01-12,3.7,-2.2,0.0
2020-01-13,6.2,2.2,0.2
2020-01-14,9.5,2.8,0.0
2020-01-15,11.5,5.0,0.0
2020-01-16,11.7,2.8,0.0
2020-01-17,9.3,-1.7,0.3
2020-01-18,6.5,0.6,0.9
2020-01-19,3.9,-0.8,0.5
2020-01-20,4.6,-2.5,0.0
2020-01-21,3.0,-4.4,0.0
2020-01-22,1.0,-6.2,0.0
2020-01-23,2.3,-4.8,0.0
2020-01-24,2.6,-5.0,0.0
2020-01-25,2.4,-3.6,0.0
2020-01-26,3.4,-3.0,0.0
2020-01-27,7.6,-0.9,2.5
2020-01-28,5.9,1.8,7.0
2020-01-29,4.7,1.0,3.8
2020-01-30,8.4,0.7,2.7
2020-01-31,12.8,7.0,2.5
2020-02-01,12.1,8.7,9.0
2020-02-02,12.1,5.6,8.0
2020-02-03,10.4,7.5,8.6
2020-02-04,7.3,1.5,23.9
2020-02-05,5.0,-1.6,0.0
2020-02-06,4.6,-3.1,0.0
2020-02-07,4.9,-4.0,0.0
2020-02-08,6.5,-3.8,0.0
2020-02-09,12.0,-0.8,0.0
2020-02-10,13.0,4.2,19.7
2020-02-11,5.8,2.3,7.6
2020-02-12,5.0,1.6,2.7
2020-02-13,5.6,0.4,7.8
2020-02-14,6.6,0.7,2.9
2020-02-15,10.1,1.5,0.0
2020-02-16,15.8,5.6,0.3
2020-02-17,14.4,6.3,9.0
2020-02-18,7.7,4.2,0.3
2020-02-19,6.0,1.7,5.4
2020-02-20,8.5,2.3,1.2
2020-02-21,7.5,2.4,2.5
2020-02-22,10.6,2.9,0.4
2020-02-23,11.3,7.4,10.0
2020-02-24,10.6,3.7,3.6
2020-02-25,9.2,4.9,9.0
2020-02-26,4.7,1.5,4.8
2020-02-27,4.9,-0.3,16.3
2020-02-28,5.6,1.0,0.9
2020-02-29,13.8,2.5,7.4
2020-03-01,10.2,4.9,2.3
2020-03-02,10.3,0.5,1.7
2020-03-03,7.1,1.3,5.6
2020-03-04,6.6,0.2,0.3
2020-03-05,7.7,-0.5,12.2
2020-03-06,7.0,3.3,6.7
2020-03-07,6.9,2.8,0.8
2020-03-08,10.2,1.3,0.5
2020-03-09,9.7,3.8,5.6
2020-03-10,9.1,2.8,10.3
2020-03-11,13.0,9.3,6.2
2020-03-12,13.0,7.4,2.0
2020-03-13,8.9,3.7,0.3
2020-03-14,8.6,0.1,0.6
2020-03-15,12.4,0.7,0.0
2020-03-16,16.7,0.5,0.0
2020-03-17,15.4,5.4,0.3
2020-03-18,15.6,3.7,0.0
2020-03-19,16.9,6.0,0.0
2020-03-20,15.5,6.9,1.0
2020-03-21,6.4,1.9,3.2
2020-03-22,6.5,-1.8,0.0
2020-03-23,5.4,-4.0,0.0
2020-03-24,6.8,-4.8,0.0
2020-03-25,7.9,-3.9,0.0
2020-03-26,9.1,-1.3,0.0
2020-03-27,16.4,2.5,0.0
2020-03-28,16.1,3.4,0.0
2020-03-29,6.3,2.0,0.4
2020-03-30,6.0,-3.7,0.0
2020-03-31,5.1,-1.8,0.0
2020-04-01,7.6,-5.5,0.0
2020-04-02,11.3,-3.0,0.0
2020-04-03,10.7,0.5,1.0
2020-04-04,13.5,1.1,0.0
2020-04-05,16.2,1.3,0.0
2020-04-06,19.6,0.7,0.0
2020-04-07,20.6,5.0,0.0
2020-04-08,20.2,5.6,0.0
2020-04-09,21.5,5.8,0.0
2020-04-10,19.6,8.0,0.0
2020-04-11,18.3,5.0,0.0
2020-04-12,20.4,4.1,0.0
2020-04-13,15.3,3.0,1.6
2020-04-14,7.9,-0.2,0.0
2020-04-15,14.2,-0.5,0.0
2020-04-16,21.1,1.2,0.0
2020-04-17,21.5,6.3,0.0
2020-04-18,20.0,7.5,0.1
2020-04-19,16.4,9.6,0.2
2020-04-20,16.8,6.4,0.0
2020-04-21,18.3,6.9,0.0
2020-04-22,19.5,7.5,0.0
2020-04-23,19.5,6.4,0.0
2020-04-24,20.8,4.6,0.0
2020-04-25,14.9,7.1,0.0
2020-04-26,17.2,2.0,0.0
2020-04-27,19.9,5.2,0.0
2020-04-28,18.2,5.0,1.1
2020-04-29,16.1,10.3,1.5
2020-04-30,15.2,9.9,1.3
2020-05-01,13.6,7.9,11.4
2020-05-02,13.0,6.6,4.2
2020-05-03,14.4,5.5,0.3
2020-05-04,15.9,7.4,2.0
2020-05-05,14.2,4.7,0.0
2020-05-06,14.8,1.4,0.0
2020-05-07,18.8,2.4,0.0
2020-05-08,22.0,6.6,0.0
2020-05-09,17.6,9.3,2.0
2020-05-10,22.6,9.7,1.6
2020-05-11,14.0,2.7,22.1
2020-05-12,10.7,-0.7,0.0
2020-05-13,13.8,1.3,0.0
2020-05-14,13.2,5.9,0.0
2020-05-15,14.7,7.4,0.0
2020-05-16,16.9,3.2,0.0
2020-05-17,17.4,4.9,0.0
2020-05-18,20.6,4.7,0.0
2020-05-19,22.7,8.1,0.0
2020-05-20,19.5,10.7,0.3
2020-05-21,21.4,10.0,0.0
2020-05-22,24.6,9.7,0.8
2020-05-23,17.1,10.1,6.7
2020-05-24,16.0,8.3,0.6
2020-05-25,17.8,9.7,0.3
2020-05-26,16.5,8.1,0.0
2020-05-27,19.3,6.5,0.0
2020-05-28,18.9,11.9,0.4
2020-05-29,18.7,8.2,0.0
2020-05-30,17.4,8.5,0.0
2020-05-31,18.7,8.6,0.0
2020-06-01,23.4,8.1,0.0
2020-06-02,23.9,10.4,0.0
2020-06-03,24.8,11.5,0.0
2020-06-04,17.3,12.7,5.2
2020-06-05,15.5,9.8,4.6
2020-06-06,14.9,9.1,6.5
2020-06-07,16.2,11.6,1.2
2020-06-08,17.5,7.4,0.0
2020-06-09,16.1,9.9,3.1
2020-06-10,16.5,12.3,6.1
2020-06-11,18.1,11.8,6.5
2020-06-12,25.7,10.9,0.0
2020-06-13,25.8,14.2,5.5
2020-06-14,19.9,15.8,6.1
2020-06-15,17.9,14.7,14.7
2020-06-16,18.9,13.9,3.2
2020-06-17,23.1,13.4,8.3
2020-06-18,20.1,13.0,2.1
2020-06-19,20.9,11.9,0.2
2020-06-20,21.3,13.4,0.2
2020-06-21,22.9,11.6,0.0
2020-06-22,22.8,15.7,0.7
2020-06-23,24.1,13.2,0.0
2020-06-24,24.1,12.4,0.0
2020-06-25,23.5,13.4,0.3
2020-06-26,25.8,11.7,0.0
2020-06-27,27.4,17.8,2.1
2020-06-28,23.5,16.1,2.2
2020-06-29,20.7,13.8,1.2
2020-06-30,20.3,12.1,0.0
2020-07-01,26.6,13.8,3.0
2020-07-02,22.0,17.3,3.9
2020-07-03,21.8,13.5,0.0
2020-07-04,24.3,12.4,0.0
2020-07-05,24.9,18.5,0.0
2020-07-06,21.6,13.1,2.2
2020-07-07,19.5,10.0,0.0
2020-07-08,18.8,13.4,6.9
2020-07-09,27.4,14.5,1.7
2020-07-10,27.0,16.1,0.3
2020-07-11,20.3,13.6,3.6
2020-07-12,21.4,9.8,0.0
2020-07-13,23.7,10.3,0.0
2020-07-14,24.8,10.9,0.0
2020-07-15,19.1,13.8,8.3
2020-07-16,16.0,13.6,3.0
2020-07-17,21.3,11.9,0.7
2020-07-18,23.8,10.8,0.0
2020-07-19,27.0,12.5,0.0
2020-07-20,26.5,14.6,0.0
2020-07-21,25.2,14.4,0.3
2020-07-22,25.1,11.1,0.0
2020-07-23,26.2,12.8,0.0
2020-07-24,26.4,13.6,0.0
2020-07-25,25.7,16.1,0.0
2020-07-26,24.4,16.7,7.4
2020-07-27,27.7,12.9,0.1
2020-07-28,27.4,19.4,0.0
2020-07-29,25.2,13.6,0.0
2020-07-30,28.4,12.5,0.0
2020-07-31,31.7,14.8,0.0
2020-08-01,34.1,16.2,0.0
2020-08-02,24.1,19.6,3.1
2020-08-03,21.5,16.3,3.6
2020-08-04,21.8,13.7,0.4
2020-08-05,24.4,12.3,0.0
2020-08-06,27.8,11.5,0.0
2020-08-07,31.1,14.5,0.0
2020-08-08,32.4,17.4,0.0
2020-08-09,33.4,17.9,0.0
2020-08-10,32.5,19.3,0.0
2020-08-11,33.3,20.2,0.3
2020-08-12,31.4,18.9,0.0
2020-08-13,23.8,19.5,11.2
2020-08-14,24.7,18.6,3.2
2020-08-15,25.7,17.4,3.4
2020-08-16,27.5,16.4,0.0
2020-08-17,23.7,17.8,4.6
2020-08-18,24.1,16.1,0.2
2020-08-19,25.5,13.9,0.1
2020-08-20,29.1,17.5,1.2
2020-08-21,33.4,17.7,0.0
2020-08-22,25.0,19.8,4.7
2020-08-23,22.1,16.2,0.0
2020-08-24,20.9,14.4,0.1
2020-08-25,23.2,11.7,0.0
2020-08-26,22.2,17.2,0.0
2020-08-27,22.1,13.4,0.0
2020-08-28,21.7,14.9,6.7
2020-08-29,20.9,13.9,0.1
2020-08-30,16.8,12.6,20.3
2020-08-31,18.0,12.8,5.5
2020-09-01,17.4,11.8,0.7
2020-09-02,18.9,9.8,0.0
2020-09-03,21.3,7.7,0.1
2020-09-04,26.0,15.0,0.0
2020-09-05,22.0,15.3,1.7
2020-09-06,18.7,11.5,0.0
2020-09-07,19.9,8.5,0.0
2020-09-08,23.1,7.0,0.0
2020-09-09,25.2,9.5,0.0
2020-09-10,21.3,15.0,0.1
2020-09-11,24.2,12.5,0.0
2020-09-12,25.2,12.8,0.0
2020-09-13,26.6,12.0,0.0
2020-09-14,28.4,11.9,0.0
2020-09-15,27.4,13.2,0.0
2020-09-16,26.5,13.1,0.0
2020-09-17,20.1,14.6,0.0
2020-09-18,21.1,9.9,0.0
2020-09-19,22.4,8.0,0.0
2020-09-20,22.4,8.1,0.0
2020-09-21,23.6,7.9,0.0
2020-09-22,25.0,10.6,0.1
2020-09-23,23.1,14.7,0.1
2020-09-24,20.4,14.8,4.2
2020-09-25,15.2,8.7,2.0
2020-09-26,9.7,8.4,9.4
2020-09-27,13.3,7.0,4.4
2020-09-28,15.4,4.6,0.0
2020-09-29,14.5,5.6,0.3
2020-09-30,16.0,10.9,0.1
2020-10-01,18.6,8.4,0.2
2020-10-02,20.8,8.7,0.2
2020-10-03,16.2,7.6,1.4
2020-10-04,15.7,7.4,1.0
2020-10-05,14.2,9.0,3.0
2020-10-06,14.2,9.4,10.4
2020-10-07,14.2,9.6,2.4
2020-10-08,15.2,8.5,0.1
2020-10-09,16.5,13.1,4.1
2020-10-10,13.0,6.4,1.2
2020-10-11,11.2,4.8,0.6
2020-10-12,10.6,4.4,0.4
2020-10-13,10.4,2.5,0.0
2020-10-14,8.4,4.7,10.6
2020-10-15,9.4,6.8,2.3
2020-10-16,10.6,7.3,0.5
2020-10-17,9.5,5.3,0.9
2020-10-18,10.3,3.7,0.0
2020-10-19,10.9,2.6,0.0
2020-10-20,15.4,2.7,0.1
2020-10-21,17.9,7.9,0.1
2020-10-22,19.1,11.8,0.1
2020-10-23,15.4,12.4,4.8
2020-10-24,15.4,9.8,0.2
2020-10-25,16.6,7.2,0.1
2020-10-26,10.8,7.8,13.6
2020-10-27,11.1,5.3,0.1
2020-10-28,12.9,6.9,3.4
2020-10-29,10.6,8.6,12.0
2020-10-30,13.9,9.5,4.5
2020-10-31,15.3,8.9,0.0
2020-11-01,14.4,8.7,4.5
2020-11-02,20.0,14.4,0.1
2020-11-03,16.5,9.6,0.2
2020-11-04,9.4,3.8,0.1
2020-11-05,9.3,0.6,0.0
2020-11-06,9.0,-3.0,0.0
2020-11-07,9.5,-1.1,0.0
2020-11-08,9.6,0.1,0.0
2020-11-09,8.1,1.5,0.0
2020-11-10,7.6,3.5,0.0
2020-11-11,8.2,4.5,0.0
2020-11-12,11.5,6.7,0.0
2020-11-13,12.4,2.5,0.0
2020-11-14,15.2,7.7,0.2
2020-11-15,15.5,5.2,0.3
2020-11-16,10.9,8.3,7.0
2020-11-17,10.7,7.3,0.0
2020-11-18,12.3,5.2,0.0
2020-11-19,9.9,6.3,2.3
2020-11-20,6.5,-0.9,0.3
2020-11-21,5.0,-3.4,0.0
2020-11-22,6.3,-0.9,0.0
2020-11-23,8.1,2.8,0.7
2020-11-24,4.6,2.4,0.0
2020-11-25,5.1,-1.3,0.0
2020-11-26,4.0,-2.5,0.0
2020-11-27,3.9,-2.6,0.0
2020-11-28,3.7,-3.4,0.0
2020-11-29,2.3,-3.3,0.0
2020-11-30,2.0,-4.7,0.0
2020-12-01,1.3,-1.6,6.3
2020-12-02,1.5,-3.6,0.0
2020-12-03,2.3,-2.8,0.0
2020-12-04,2.8,-1.5,0.1
2020-12-05,3.6,-2.3,3.0
2020-12-06,3.3,0.9,3.6
2020-12-07,4.0,-0.1,2.3
2020-12-08,4.4,-3.1,0.0
2020-12-09,2.5,0.3,2.5
2020-12-10,1.8,0.2,0.5
2020-12-11,2.5,-0.1,1.3
2020-12-12,4.4,2.0,0.1
2020-12-13,7.5,2.4,0.0
2020-12-14,7.3,2.2,0.0
2020-12-15,7.0,2.1,1.2
2020-12-16,8.0,2.8,0.0
2020-12-17,8.5,1.6,0.0
2020-12-18,7.5,0.4,0.0
2020-12-19,4.4,0.1,0.0
2020-12-20,4.9,-0.3,0.1
2020-12-21,6.6,1.8,4.9
2020-12-22,12.2,7.0,6.1
2020-12-23,12.2,10.6,19.3
2020-12-24,10.5,3.5,8.0
2020-12-25,3.2,-2.8,3.1
2020-12-26,1.2,-3.6,0.0
2020-12-27,1.9,-2.0,0.4
2020-12-28,4.9,0.2,2.1
2020-12-29,2.9,-0.8,2.5
2020-12-30,3.8,-0.7,0.4
2020-12-31,2.0,-1.0,1.0
2021-01-01,2.6,0.4,2.0
2021-01-02,2.0,-1.6,0.0
2021-01-03,1.2,0.1,3.1
2021-01-04,2.0,-1.5,0.3
2021-01-05,2.9,0.3,0.8
2021-01-06,1.9,0.2,2.8
2021-01-07,1.8,-1.1,0.1
2021-01-08,1.4,-0.3,2.7
2021-01-09,1.3,-3.0,0.0
2021-01-10,1.4,-5.1,0.0
2021-01-11,-1.4,-5.5,0.0
2021-01-12,2.1,-2.0,7.3
2021-01-13,2.2,-2.0,0.3
2021-01-14,1.5,-3.9,0.2
2021-01-15,0.7,-4.1,0.4
2021-01-16,-0.9,-3.1,0.0
2021-01-17,-0.5,-2.5,1.6
2021-01-18,2.7,-0.8,1.7
2021-01-19,3.7,0.5,4.9
2021-01-20,8.2,0.6,0.0
2021-01-21,11.0,2.1,0.7
2021-01-22,9.3,1.5,5.3
2021-01-23,4.0,0.2,7.1
2021-01-24,1.1,-2.0,7.0
2021-01-25,0.7,-5.2,1.5
2021-01-26,1.7,-2.4,5.1
2021-01-27,1.7,-2.4,2.0
2021-01-28,9.1,1.3,14.0
2021-01-29,8.9,5.7,17.0
2021-01-30,6.5,-0.3,8.0
2021-01-31,2.4,-2.5,0.3
2021-02-01,3.1,0.1,5.0
2021-02-02,8.9,2.6,5.7
2021-02-03,10.6,8.4,12.9
2021-02-04,9.0,2.2,2.2
2021-02-05,6.3,2.3,2.6
2021-02-06,5.5,2.6,11.6
2021-02-07,3.3,-0.9,6.1
2021-02-08,-1.7,-6.8,7.8
2021-02-09,-6.8,-13.8,0.2
2021-02-10,-6.2,-15.3,0.2
2021-02-11,-2.9,-13.0,0.1
2021-02-12,-3.6,-13.5,0.0
2021-02-13,-2.5,-14.3,0.0
2021-02-14,-0.9,-14.1,0.0
2021-02-15,1.7,-11.3,2.8
2021-02-16,8.9,1.4,0.1
2021-02-17,9.7,3.0,1.9
2021-02-18,11.3,-0.9,0.3
2021-02-19,10.4,1.3,0.5
2021-02-20,15.3,2.0,0.0
2021-02-21,14.5,-0.3,0.0
2021-02-22,10.8,-0.6,0.0
2021-02-23,16.9,-0.3,0.0
2021-02-24,18.3,3.4,0.0
2021-02-25,17.7,2.7,0.0
2021-02-26,11.6,2.6,1.1
2021-02-27,6.2,-1.9,0.0
2021-02-28,8.6,-1.3,0.0
2021-03-01,12.1,-2.3,0.0
2021-03-02,12.8,-2.2,0.0
2021-03-03,13.1,-1.3,0.0
2021-03-04,13.6,2.8,2.5
2021-03-05,6.1,-2.4,3.6
2021-03-06,5.1,-5.8,0.0
2021-03-07,7.3,-5.6,0.0
2021-03-08,6.1,-4.7,0.0
2021-03-09,5.5,-1.1,0.5
2021-03-10,8.1,0.1,0.4
2021-03-11,11.7,4.3,1.6
2021-03-12,8.0,3.9,4.3
2021-03-13,8.9,4.0,9.4
2021-03-14,6.8,1.7,2.1
2021-03-15,6.7,1.4,1.9
2021-03-16,6.4,1.7,0.8
2021-03-17,5.1,-1.3,0.5
2021-03-18,6.3,-4.0,1.5
2021-03-19,4.3,-1.4,3.4
2021-03-20,2.5,-4.7,0.0
2021-03-21,6.7,-0.2,0.3
2021-03-22,5.9,-0.2,0.3
2021-03-23,6.9,2.5,0.1
2021-03-24,12.5,-0.9,0.0
2021-03-25,15.2,-0.5,0.0
2021-03-26,15.3,3.3,0.2
2021-03-27,9.3,5.1,2.0
2021-03-28,13.1,2.7,0.0
2021-03-29,18.1,4.5,0.0
2021-03-30,20.6,4.3,0.0
2021-03-31,22.1,4.1,0.0
2021-04-01,21.9,6.0,0.0
2021-04-02,11.4,3.4,0.0
2021-04-03,9.4,2.6,0.1
2021-04-04,10.5,-0.4,0.0
2021-04-05,7.8,-1.2,4.1
2021-04-06,4.3,-2.5,3.3
2021-04-07,2.6,-1.7,4.8
2021-04-08,5.4,-2.0,0.0
2021-04-09,13.5,-1.4,0.0
2021-04-10,13.3,6.7,2.3
2021-04-11,18.5,4.8,4.0
2021-04-12,7.5,0.3,4.0
2021-04-13,7.3,-2.3,0.7
2021-04-14,7.2,-2.9,0.8
2021-04-15,7.9,-2.5,0.3
2021-04-16,5.6,0.5,0.4
2021-04-17,8.7,2.0,0.5
2021-04-18,11.8,2.4,3.4
2021-04-19,11.7,5.0,1.2
2021-04-20,15.1,0.7,0.1
2021-04-21,16.1,3.5,0.0
2021-04-22,12.0,3.7,0.0
2021-04-23,13.9,-0.3,0.0
2021-04-24,15.6,0.4,0.0
2021-04-25,13.5,2.3,0.0
2021-04-26,12.8,0.9,0.0
2021-04-27,15.3,2.1,0.0
2021-04-28,19.9,2.7,0.0
2021-04-29,16.3,7.5,4.4
2021-04-30,11.2,2.2,1.1
2021-05-01,12.4,6.0,2.4
2021-05-02,11.4,4.9,6.8
2021-05-03,12.5,1.9,0.4
2021-05-04,13.4,5.7,1.1
2021-05-05,10.5,4.9,2.2
2021-05-06,8.1,3.3,9.7
2021-05-07,10.4,3.5,1.3
2021-05-08,15.1,0.3,0.0
2021-05-09,26.8,5.2,0.0
2021-05-10,22.3,11.5,0.7
2021-05-11,17.4,11.0,8.7
2021-05-12,13.8,9.8,6.5
2021-05-13,16.4,6.9,6.0
2021-05-14,16.5,8.6,1.9
2021-05-15,14.9,8.2,2.9
2021-05-16,15.5,7.4,2.5
2021-05-17,13.5,9.1,8.8
2021-05-18,14.3,8.6,5.9
2021-05-19,14.9,6.3,3.5
2021-05-20,15.0,6.9,5.8
2021-05-21,15.7,8.9,0.6
2021-05-22,15.0,8.7,5.9
2021-05-23,14.6,8.4,1.7
2021-05-24,19.7,5.9,0.0
2021-05-25,12.3,8.1,12.7
2021-05-26,13.0,7.9,5.1
2021-05-27,13.9,6.6,4.8
2021-05-28,15.4,7.5,0.2
2021-05-29,16.5,5.4,0.3
2021-05-30,18.1,5.9,0.0
2021-05-31,19.1,5.1,0.0
2021-06-01,22.2,6.5,0.0
2021-06-02,24.6,9.3,0.0
2021-06-03,26.2,10.7,0.0
2021-06-04,24.6,14.6,0.9
2021-06-05,23.2,15.4,4.4
2021-06-06,19.4,15.3,7.3
2021-06-07,20.7,15.0,6.2
2021-06-08,22.6,14.7,0.4
2021-06-09,23.2,14.9,0.3
2021-06-10,24.2,13.7,0.3
2021-06-11,25.3,13.4,0.0
2021-06-12,24.2,14.3,0.5
2021-06-13,20.3,12.1,0.0
2021-06-14,24.1,9.3,0.0
2021-06-15,27.1,12.5,0.0
2021-06-16,28.9,15.8,0.0
2021-06-17,31.2,16.8,0.0
2021-06-18,31.5,16.7,0.0
2021-06-19,30.2,19.7,0.1
2021-06-20,27.4,20.2,4.9
2021-06-21,25.2,16.7,18.6
2021-06-22,22.9,15.1,6.1
2021-06-23,23.1,14.5,1.0
2021-06-24,21.2,15.8,11.4
2021-06-25,21.3,14.9,9.3
2021-06-26,23.8,12.7,0.0
2021-06-27,25.9,14.1,0.1
2021-06-28,28.9,16.9,1.5
2021-06-29,24.6,15.0,17.4
2021-06-30,19.5,13.6,0.7
2021-07-01,17.3,13.1,6.1
2021-07-02,20.4,12.9,1.4
2021-07-03,23.6,12.0,0.1
2021-07-04,24.6,15.8,17.0
2021-07-05,21.0,14.5,0.4
2021-07-06,26.8,15.1,6.4
2021-07-07,20.6,14.9,2.4
2021-07-08,21.2,14.2,7.4
2021-07-09,17.5,14.1,46.4
2021-07-10,22.9,11.6,0.0
2021-07-11,19.5,15.0,13.6
2021-07-12,25.1,11.6,0.0
2021-07-13,23.7,14.8,8.5
2021-07-14,20.2,13.3,7.8
2021-07-15,21.0,12.2,1.7
2021-07-16,24.4,14.2,0.8
2021-07-17,24.7,15.5,1.2
2021-07-18,26.2,14.2,0.0
2021-07-19,23.4,15.5,0.2
2021-07-20,22.6,14.4,0.0
2021-07-21,23.2,10.6,0.0
2021-07-22,25.3,12.1,0.0
2021-07-23,26.0,14.0,0.0
2021-07-24,26.8,15.0,1.2
2021-07-25,24.9,16.6,4.2
2021-07-26,24.8,15.3,1.6
2021-07-27,24.0,16.2,0.8
2021-07-28,22.2,15.8,1.5
2021-07-29,22.1,14.7,0.0
2021-07-30,25.7,12.2,0.0
2021-07-31,21.5,15.2,0.4
2021-08-01,19.9,13.8,3.5
2021-08-02,21.2,12.8,3.3
2021-08-03,19.8,12.1,4.7
2021-08-04,19.6,13.7,2.1
2021-08-05,21.7,12.8,4.0
2021-08-06,20.1,14.3,4.9
2021-08-07,22.0,12.2,4.4
2021-08-08,19.9,13.1,0.8
2021-08-09,22.4,12.6,0.4
2021-08-10,22.0,12.9,0.7
2021-08-11,24.0,14.0,0.2
2021-08-12,26.8,14.1,0.0
2021-08-13,27.3,15.2,0.0
2021-08-14,27.2,15.3,0.0
2021-08-15,27.2,14.9,0.0
2021-08-16,21.3,13.2,6.1
2021-08-17,16.5,10.1,1.4
2021-08-18,18.9,12.5,0.7
2021-08-19,20.7,14.8,0.5
2021-08-20,21.8,14.3,1.6
2021-08-21,25.1,11.8,0.0
2021-08-22,20.2,14.6,10.1
2021-08-23,19.9,13.2,2.5
2021-08-24,19.1,11.3,0.0
2021-08-25,21.0,10.0,0.0
2021-08-26,18.1,13.4,4.6
2021-08-27,16.4,10.2,4.4
2021-08-28,16.7,10.5,0.9
2021-08-29,15.2,12.0,13.3
2021-08-30,17.8,13.4,6.5
2021-08-31,18.8,12.5,0.7
2021-09-01,19.8,9.0,0.1
2021-09-02,21.8,8.7,0.0
2021-09-03,22.8,9.8,0.0
2021-09-04,23.7,10.1,0.0
2021-09-05,24.4,12.2,0.0
2021-09-06,24.8,11.2,0.0
2021-09-07,23.8,12.5,0.1
2021-09-08,24.4,11.6,0.0
2021-09-09,25.4,12.3,1.1
2021-09-10,24.8,15.0,0.8
2021-09-11,21.3,15.8,3.0
2021-09-12,21.4,13.7,0.0
2021-09-13,22.6,10.7,0.0
2021-09-14,25.3,13.3,0.0
2021-09-15,19.1,15.9,7.7
2021-09-16,18.3,13.3,4.0
2021-09-17,18.3,10.8,0.5
2021-09-18,19.4,10.3,0.3
2021-09-19,17.0,9.9,0.0
2021-09-20,13.8,10.0,0.0
2021-09-21,14.9,8.0,0.0
2021-09-22,17.9,6.9,0.0
2021-09-23,20.5,7.2,0.0
2021-09-24,19.0,12.8,0.1
2021-09-25,21.6,9.5,0.0
2021-09-26,23.4,13.3,2.9
2021-09-27,20.9,14.2,2.7
2021-09-28,16.7,11.2,0.3
2021-09-29,17.6,9.6,2.4
2021-09-30,14.1,5.9,0.0
2021-10-01,18.1,4.5,0.0
2021-10-02,20.7,9.5,0.0
2021-10-03,22.6,15.1,3.0
2021-10-04,14.8,10.0,4.0
2021-10-05,14.8,9.5,6.1
2021-10-06,13.1,8.6,1.2
2021-10-07,13.8,5.4,0.0
2021-10-08,15.8,6.7,0.0
2021-10-09,15.3,5.1,0.0
2021-10-10,13.0,1.8,0.0
2021-10-11,11.8,-0.1,0.3
2021-10-12,11.7,6.8,5.2
2021-10-13,10.5,3.6,0.1
2021-10-14,10.3,5.6,1.2
2021-10-15,13.9,5.1,0.0
2021-10-16,12.2,1.6,0.0
2021-10-17,11.8,1.7,0.0
2021-10-18,11.7,2.8,0.0
2021-10-19,13.9,4.7,0.9
2021-10-20,18.7,9.3,7.7
2021-10-21,14.6,7.4,11.4
2021-10-22,10.1,3.4,0.0
2021-10-23,10.5,2.8,0.0
2021-10-24,11.9,0.6,0.0
2021-10-25,13.8,-0.9,0.0
2021-10-26,13.6,4.5,1.7
2021-10-27,12.5,5.6,0.0
2021-10-28,10.0,2.5,0.0
2021-10-29,9.2,1.9,0.0
2021-10-30,10.8,1.2,1.0
2021-10-31,16.9,6.6,0.0
2021-11-01,12.9,7.0,9.1
2021-11-02,10.0,4.8,3.7
2021-11-03,9.1,3.6,3.2
2021-11-04,6.8,5.1,4.4
2021-11-05,8.6,3.0,3.6
2021-11-06,7.6,1.8,0.0
2021-11-07,7.0,2.6,0.3
2021-11-08,8.4,1.7,0.0
2021-11-09,9.2,-0.6,0.0
2021-11-10,7.2,-1.1,0.0
2021-11-11,3.8,-1.0,0.0
2021-11-12,5.0,-0.9,0.0
2021-11-13,6.8,-0.6,4.6
2021-11-14,10.5,4.5,0.1
2021-11-15,8.7,2.9,0.0
2021-11-16,5.3,0.0,0.1
2021-11-17,5.9,4.4,0.5
2021-11-18,7.8,4.0,0.0
2021-11-19,8.0,3.9,0.0
2021-11-20,9.1,3.7,0.0
2021-11-21,6.2,1.6,0.6
2021-11-22,6.5,-0.4,0.9
2021-11-23,3.8,-4.1,0.0
2021-11-24,5.5,-1.8,0.0
2021-11-25,1.9,-2.5,0.0
2021-11-26,3.3,-0.3,0.4
2021-11-27,4.1,0.2,2.5
2021-11-28,3.0,-2.4,0.3
2021-11-29,1.5,-2.6,0.3
2021-11-30,3.7,0.9,10.4
2021-12-01,7.2,3.3,4.7
2021-12-02,5.1,-1.1,5.0
2021-12-03,1.5,-2.7,0.0
2021-12-04,6.8,0.5,14.1
2021-12-05,4.6,-2.2,0.7
2021-12-06,2.3,-1.9,0.2
2021-12-07,4.3,-0.9,2.9
2021-12-08,2.6,-0.9,8.4
2021-12-09,3.4,0.5,1.8
2021-12-10,2.8,-1.6,1.7
2021-12-11,3.1,0.6,0.8
2021-12-12,4.2,0.3,2.0
2021-12-13,6.9,3.7,1.3
2021-12-14,6.6,4.8,0.3
2021-12-15,6.2,4.2,0.0
2021-12-16,7.8,4.2,0.1
2021-12-17,6.2,2.7,0.0
2021-12-18,3.2,0.2,0.0
2021-12-19,5.1,2.9,0.0
2021-12-20,4.5,-3.1,0.0
2021-12-21,0.9,-6.2,0.0
2021-12-22,0.2,-7.6,0.0
2021-12-23,5.1,-6.3,0.2
2021-12-24,7.0,4.6,2.2
2021-12-25,5.3,-0.3,9.9
2021-12-26,2.1,-1.0,0.5
2021-12-27,6.8,1.6,3.6
2021-12-28,9.2,4.0,11.1
2021-12-29,8.9,7.0,11.7
2021-12-30,13.3,9.8,1.6
2021-12-31,12.1,8.7,0.0
2022-01-01,11.5,5.4,0.0
2022-01-02,10.5,5.2,0.0
2022-01-03,10.1,7.4,5.9
2022-01-04,10.3,4.1,24.8
2022-01-05,5.2,1.6,4.3
2022-01-06,3.5,-2.6,0.2
2022-01-07,1.9,-2.5,2.4
2022-01-08,2.3,0.4,7.1
2022-01-09,4.0,-0.5,7.6
2022-01-10,4.2,-2.9,0.2
2022-01-11,3.6,-2.2,0.0
2022-01-12,2.6,-2.2,0.0
2022-01-13,2.5,-1.5,0.0
2022-01-14,5.0,-2.9,0.0
2022-01-15,2.9,-1.0,0.0
2022-01-16,1.4,-1.2,0.3
2022-01-17,4.0,1.4,0.1
2022-01-18,4.7,-0.7,0.0
2022-01-19,4.1,-2.0,0.2
2022-01-20,2.7,-0.4,2.1
2022-01-21,2.6,-3.3,0.6
2022-01-22,4.2,1.6,0.8
2022-01-23,5.1,2.8,0.1
2022-01-24,4.7,-0.2,0.0
2022-01-25,1.7,-3.5,0.0
2022-01-26,0.7,-0.9,0.0
2022-01-27,2.8,-1.5,0.3
2022-01-28,4.7,1.5,0.8
2022-01-29,5.9,1.5,0.7
2022-01-30,6.2,-0.2,0.4
2022-01-31,4.4,-0.8,8.2
2022-02-01,5.1,0.4,3.4
2022-02-02,7.2,2.5,1.7
2022-02-03,7.7,1.6,0.4
2022-02-04,6.9,3.4,1.1
2022-02-05,4.5,-0.5,0.1
2022-02-06,4.7,2.1,23.1
2022-02-07,5.4,0.7,2.3
2022-02-08,6.3,0.2,0.0
2022-02-09,10.7,3.0,0.0
2022-02-10,7.5,1.5,0.2
2022-02-11,5.0,-1.2,3.8
2022-02-12,5.7,-4.9,0.0
2022-02-13,10.3,-3.3,0.0
2022-02-14,12.0,1.3,1.9
2022-02-15,7.9,3.3,0.7
2022-02-16,10.0,3.5,7.2
2022-02-17,11.4,6.3,6.7
2022-02-18,12.9,5.3,3.8
2022-02-19,7.1,3.1,0.3
2022-02-20,7.8,3.8,3.0
2022-02-21,8.2,2.9,10.9
2022-02-22,7.7,2.5,1.6
2022-02-23,10.3,1.8,0.9
2022-02-24,12.3,2.0,2.9
2022-02-25,5.8,-0.5,2.2
2022-02-26,5.4,-1.3,0.2
2022-02-27,6.6,-3.3,0.0
2022-02-28,7.3,-4.6,0.0
2022-03-01,6.1,-4.0,0.0
2022-03-02,5.8,-4.4,0.0
2022-03-03,9.0,-5.4,0.0
2022-03-04,5.9,-4.3,0.0
2022-03-05,4.9,-3.3,0.0
2022-03-06,4.2,-3.4,0.0
2022-03-07,4.0,-4.8,0.0
2022-03-08,8.1,-5.4,0.0
2022-03-09,11.6,-5.4,0.0
2022-03-10,12.7,-4.4,0.0
2022-03-11,10.3,-2.6,0.0
2022-03-12,10.3,-1.1,0.0
2022-03-13,12.5,-2.1,0.0
2022-03-14,10.7,-0.5,1.7
2022-03-15,8.1,-0.4,8.6
2022-03-16,12.2,-0.8,0.0
2022-03-17,11.9,3.9,3.1
2022-03-18,10.5,5.2,0.0
2022-03-19,9.6,1.7,0.5
2022-03-20,13.8,2.2,0.0
2022-03-21,13.2,-0.3,0.0
2022-03-22,14.5,-1.9,0.0
2022-03-23,16.3,-2.5,0.0
2022-03-24,16.7,-3.0,0.0
2022-03-25,16.1,-1.1,0.0
2022-03-26,15.8,-0.1,0.0
2022-03-27,16.8,1.2,0.0
2022-03-28,18.9,2.6,0.0
2022-03-29,14.3,4.0,1.5
2022-03-30,9.3,5.1,3.2
2022-03-31,8.1,2.4,0.7
2022-04-01,3.4,-0.5,17.3
2022-04-02,1.9,-1.6,5.0
2022-04-03,3.2,-6.2,0.0
2022-04-04,6.3,-5.5,1.7
2022-04-05,8.5,2.9,6.5
2022-04-06,13.2,7.9,1.2
2022-04-07,14.0,7.9,7.9
2022-04-08,7.9,1.3,15.9
2022-04-09,7.4,1.0,7.9
2022-04-10,7.9,-0.5,0.7
2022-04-11,12.5,-2.0,0.0
2022-04-12,18.2,1.9,0.0
2022-04-13,20.8,5.2,0.0
2022-04-14,20.2,5.4,1.6
2022-04-15,17.1,6.2,0.1
2022-04-16,11.6,4.3,0.0
2022-04-17,13.1,0.0,0.0
2022-04-18,15.3,0.8,0.0
2022-04-19,15.9,2.4,0.0
2022-04-20,15.4,0.2,0.0
2022-04-21,14.5,3.6,0.0
2022-04-22,17.3,5.0,0.0
2022-04-23,14.5,6.2,0.2
2022-04-24,11.5,7.3,1.7
2022-04-25,13.2,4.6,0.4
2022-04-26,10.9,6.2,9.3
2022-04-27,15.8,4.1,2.4
2022-04-28,17.7,3.6,0.0
2022-04-29,18.9,3.4,0.0
2022-04-30,14.9,8.6,6.4
2022-05-01,16.6,5.8,0.7
2022-05-02,19.1,7.0,0.2
2022-05-03,20.6,6.5,0.0
2022-05-04,19.0,6.8,2.3
2022-05-05,17.1,7.2,0.6
2022-05-06,18.3,9.1,0.0
2022-05-07,20.0,5.8,0.0
2022-05-08,20.9,8.3,0.0
2022-05-09,21.9,8.8,0.3
2022-05-10,24.2,8.1,0.1
2022-05-11,26.6,14.4,0.0
2022-05-12,21.6,16.2,1.3
2022-05-13,19.4,11.7,0.0
2022-05-14,22.1,7.2,0.0
2022-05-15,23.8,8.2,0.0
2022-05-16,24.6,11.2,8.4
2022-05-17,21.9,12.9,0.8
2022-05-18,25.6,12.8,0.0
2022-05-19,28.2,13.2,0.6
2022-05-20,28.5,14.6,1.5
2022-05-21,18.7,11.4,0.2
2022-05-22,21.9,8.4,0.0
2022-05-23,24.1,10.7,0.1
2022-05-24,19.7,12.6,0.6
2022-05-25,19.5,10.4,0.1
2022-05-26,18.7,13.4,0.0
2022-05-27,16.3,12.7,2.2
2022-05-28,16.8,7.5,0.5
2022-05-29,14.8,6.8,0.7
2022-05-30,16.3,4.8,0.6
2022-05-31,20.7,5.3,0.2
2022-06-01,21.4,7.7,0.6
2022-06-02,20.4,8.1,0.0
2022-06-03,27.2,11.0,5.3
2022-06-04,24.1,14.0,0.0
2022-06-05,24.0,14.5,1.4
2022-06-06,21.4,13.8,0.8
2022-06-07,21.8,13.5,0.5
2022-06-08,22.4,12.9,2.3
2022-06-09,19.3,12.6,1.0
2022-06-10,22.6,9.1,0.1
2022-06-11,25.0,9.9,0.0
2022-06-12,26.2,13.2,0.0
2022-06-13,21.1,13.6,0.0
2022-06-14,23.0,9.3,0.0
2022-06-15,28.6,10.3,0.0
2022-06-16,27.2,12.8,0.0
2022-06-17,27.0,13.0,0.0
2022-06-18,32.9,14.9,0.0
2022-06-19,34.1,19.0,0.0
2022-06-20,24.2,12.3,0.2
2022-06-21,24.5,8.5,0.0
2022-06-22,26.9,13.3,0.8
2022-06-23,29.9,15.0,0.1
2022-06-24,26.1,17.5,4.9
2022-06-25,25.9,15.6,0.0
2022-06-26,29.0,15.1,0.2
2022-06-27,25.1,17.4,2.7
2022-06-28,25.3,14.5,0.0
2022-06-29,27.1,17.0,5.4
2022-06-30,29.3,16.8,0.1
2022-07-01,20.9,12.9,6.4
2022-07-02,24.6,10.4,0.0
2022-07-03,28.0,12.5,0.0
2022-07-04,25.7,15.4,0.0
2022-07-05,26.2,13.1,0.0
2022-07-06,22.4,14.2,0.0
2022-07-07,19.0,13.2,3.1
2022-07-08,23.4,11.1,0.2
2022-07-09,23.1,12.4,0.7
2022-07-10,19.4,12.0,0.0
2022-07-11,22.4,13.1,0.9
2022-07-12,25.8,11.7,0.1
2022-07-13,29.4,12.6,0.3
2022-07-14,29.1,17.5,6.5
2022-07-15,22.1,11.6,0.0
2022-07-16,23.8,9.9,0.0
2022-07-17,26.0,10.3,0.0
2022-07-18,30.4,11.7,0.0
2022-07-19,34.3,14.1,0.0
2022-07-20,35.4,17.7,0.0
2022-07-21,26.5,19.3,7.6
2022-07-22,28.4,15.5,0.0
2022-07-23,27.2,17.5,1.5
2022-07-24,29.1,15.4,0.0
2022-07-25,33.6,17.7,0.0
2022-07-26,24.9,17.8,0.2
2022-07-27,23.1,14.9,0.1
2022-07-28,27.5,13.5,0.0
2022-07-29,27.7,16.6,1.1
2022-07-30,25.3,14.3,2.8
2022-07-31,26.9,13.0,0.6
2022-08-01,27.3,18.0,0.9
2022-08-02,28.8,17.0,0.6
2022-08-03,31.8,14.4,0.0
2022-08-04,35.7,17.6,0.0
2022-08-05,32.0,18.6,1.3
2022-08-06,23.4,15.1,0.0
2022-08-07,25.3,13.1,0.0
2022-08-08,27.4,13.0,0.0
2022-08-09,28.5,14.6,0.0
2022-08-10,28.7,15.7,0.0
2022-08-11,28.9,14.7,0.0
2022-08-12,28.4,15.0,0.0
2022-08-13,29.0,14.3,0.0
2022-08-14,30.7,17.1,0.0
2022-08-15,28.0,19.9,0.1
2022-08-16,27.4,16.1,0.1
2022-08-17,30.0,15.6,1.9
2022-08-18,25.6,18.7,2.5
2022-08-19,24.1,17.7,6.7
2022-08-20,24.6,16.9,7.7
2022-08-21,26.6,14.0,0.0
2022-08-22,26.4,13.6,0.0
2022-08-23,27.9,12.8,0.0
2022-08-24,28.7,14.3,0.0
2022-08-25,28.7,16.4,0.0
2022-08-26,28.6,17.8,3.0
2022-08-27,23.2,17.5,17.4
2022-08-28,23.8,15.4,2.6
2022-08-29,24.5,12.7,0.0
2022-08-30,26.2,12.3,0.0
2022-08-31,23.4,15.1,0.0
2022-09-01,22.4,13.2,0.0
2022-09-02,23.0,12.3,0.0
2022-09-03,22.4,12.2,0.1
2022-09-04,24.6,13.4,0.3
2022-09-05,27.1,12.2,0.0
2022-09-06,28.3,15.2,0.0
2022-09-07,26.0,16.2,2.4
2022-09-08,21.2,15.2,4.1
2022-09-09,20.9,13.1,2.3
2022-09-10,18.6,13.0,8.5
2022-09-11,20.2,12.7,0.9
2022-09-12,22.3,9.1,0.0
2022-09-13,21.6,10.4,0.7
2022-09-14,20.7,15.0,18.8
2022-09-15,17.7,13.4,20.4
2022-09-16,15.9,9.6,1.8
2022-09-17,13.7,8.2,5.4
2022-09-18,12.0,8.1,12.8
2022-09-19,13.7,7.4,2.7
2022-09-20,13.4,7.4,0.9
2022-09-21,15.5,2.9,0.0
2022-09-22,16.5,2.5,0.0
2022-09-23,17.5,3.1,0.0
2022-09-24,17.3,6.9,3.2
2022-09-25,15.5,9.8,7.2
2022-09-26,14.4,7.9,0.7
2022-09-27,11.6,6.9,8.2
2022-09-28,11.8,6.1,6.6
2022-09-29,12.7,3.9,0.7
2022-09-30,15.1,3.6,0.0
2022-10-01,13.6,6.8,9.3
2022-10-02,12.9,10.2,8.9
2022-10-03,14.7,7.6,0.3
2022-10-04,16.5,3.9,0.3
2022-10-05,19.3,6.6,0.0
2022-10-06,17.4,8.6,0.1
2022-10-07,18.3,4.7,0.1
2022-10-08,16.4,7.9,1.8
2022-10-09,15.5,3.1,0.0
2022-10-10,18.6,5.1,0.1
2022-10-11,15.4,8.3,0.1
2022-10-12,15.9,4.4,0.0
2022-10-13,15.3,6.2,0.6
2022-10-14,17.0,11.1,5.8
2022-10-15,18.2,12.7,7.8
2022-10-16,19.9,13.5,1.4
2022-10-17,23.6,10.2,0.0
2022-10-18,17.9,10.7,9.3
2022-10-19,16.0,8.7,0.0
2022-10-20,14.3,6.0,1.0
2022-10-21,16.7,9.9,5.6
2022-10-22,18.8,10.6,1.9
2022-10-23,18.7,7.5,2.8
2022-10-24,17.7,12.6,0.3
2022-10-25,16.3,8.9,0.7
2022-10-26,18.2,8.1,1.0
2022-10-27,20.0,7.4,0.0
2022-10-28,22.1,9.6,0.1
2022-10-29,20.9,11.1,0.0
2022-10-30,20.5,9.5,0.0
2022-10-31,17.0,7.6,0.0
2022-11-01,16.6,8.6,2.5
2022-11-02,14.0,6.2,0.0
2022-11-03,13.3,5.5,0.0
2022-11-04,11.1,6.9,1.4
2022-11-05,10.8,4.7,0.1
2022-11-06,10.6,2.4,0.0
2022-11-07,13.2,7.9,0.0
2022-11-08,15.1,5.9,0.0
2022-11-09,14.6,10.5,5.2
2022-11-10,12.8,6.3,0.0
2022-11-11,11.6,2.2,0.0
2022-11-12,9.4,2.1,0.0
2022-11-13,11.5,-0.1,0.0
2022-11-14,11.7,1.7,0.0
2022-11-15,12.7,4.9,0.3
2022-11-16,11.5,5.6,4.8
2022-11-17,10.8,5.3,8.2
2022-11-18,8.5,5.5,10.7
2022-11-19,4.9,-3.8,6.7
2022-11-20,4.4,-1.0,4.5
2022-11-21,7.1,2.5,1.0
2022-11-22,6.8,3.2,1.1
2022-11-23,9.2,1.6,2.5
2022-11-24,8.0,3.2,5.7
2022-11-25,7.7,0.3,0.8
2022-11-26,7.9,1.8,0.0
2022-11-27,4.7,-1.1,0.0
2022-11-28,5.6,2.0,2.2
2022-11-29,6.0,4.0,1.2
2022-11-30,5.8,3.3,0.1
2022-12-01,5.3,-1.4,0.0
2022-12-02,2.6,0.6,5.8
2022-12-03,2.6,0.5,0.3
2022-12-04,4.4,-1.4,2.2
2022-12-05,3.9,2.8,0.7
2022-12-06,3.4,0.7,0.2
2022-12-07,3.9,0.5,0.4
2022-12-08,3.3,-1.8,0.1
2022-12-09,2.6,-4.1,0.0
2022-12-10,1.8,-4.5,0.6
2022-12-11,-0.5,-3.2,0.5
2022-12-12,-0.2,-5.8,0.3
2022-12-13,-2.0,-8.8,0.0
2022-12-14,-2.7,-5.4,3.7
2022-12-15,-1.7,-7.7,0.0
2022-12-16,-0.1,-7.6,0.0
2022-12-17,-2.4,-8.9,0.0
2022-12-18,-3.4,-10.2,0.0
2022-12-19,4.5,-4.5,0.6
2022-12-20,5.1,-1.6,0.4
2022-12-21,8.7,1.8,12.2
2022-12-22,9.2,5.5,10.8
2022-12-23,11.4,5.4,20.6
2022-12-24,10.4,6.2,0.1
2022-12-25,10.7,4.0,0.1
2022-12-26,10.3,7.3,7.2
2022-12-27,6.5,0.9,1.2
2022-12-28,7.9,0.4,0.0
2022-12-29,11.8,7.6,3.5
2022-12-30,10.8,3.7,3.4
2022-12-31,16.5,11.3,2.4
2023-01-01,13.9,9.3,0.0
2023-01-02,14.3,8.1,0.4
2023-01-03,8.9,3.9,0.0
2023-01-04,9.7,3.4,2.3
2023-01-05,10.2,6.7,2.2
2023-01-06,10.4,8.0,0.5
2023-01-07,10.6,4.5,0.0
2023-01-08,8.8,4.5,0.8
2023-01-09,7.5,4.5,6.1
2023-01-10,6.3,2.9,0.2
2023-01-11,8.8,3.7,3.5
2023-01-12,8.7,5.4,4.6
2023-01-13,9.1,5.7,5.4
2023-01-14,8.4,4.3,6.8
2023-01-15,9.8,3.5,8.6
2023-01-16,5.2,0.8,3.0
2023-01-17,4.0,-0.9,0.4
2023-01-18,1.4,-6.2,4.4
2023-01-19,0.5,-7.5,0.4
2023-01-20,1.9,-4.3,0.8
2023-01-21,-0.7,-8.2,2.2
2023-01-22,2.0,-0.7,3.3
2023-01-23,2.5,-2.1,0.1
2023-01-24,2.6,-0.1,0.0
2023-01-25,1.4,-0.2,0.0
2023-01-26,-0.3,-3.3,0.0
2023-01-27,1.2,-2.1,0.0
2023-01-28,1.5,-4.9,0.3
2023-01-29,-0.3,-5.8,0.0
2023-01-30,3.8,-3.1,0.6
2023-01-31,4.4,0.8,0.9
2023-02-01,5.8,3.2,7.1
2023-02-02,6.0,3.5,12.9
2023-02-03,7.4,5.6,6.0
2023-02-04,6.0,-2.3,0.1
2023-02-05,2.3,-4.1,2.5
2023-02-06,3.2,-3.3,0.5
2023-02-07,2.6,-5.7,0.0
2023-02-08,3.5,-6.5,0.0
2023-02-09,1.8,-6.9,0.0
2023-02-10,2.6,-5.7,0.0
2023-02-11,5.6,-2.0,0.0
2023-02-12,8.1,2.2,0.0
2023-02-13,7.7,-2.5,0.0
2023-02-14,4.4,-3.7,0.0
2023-02-15,5.2,-4.5,0.0
2023-02-16,9.7,-3.4,0.0
2023-02-17,11.4,4.1,0.9
2023-02-18,12.1,8.9,1.8
2023-02-19,9.9,6.6,3.1
2023-02-20,11.8,4.5,0.0
2023-02-21,13.7,3.5,0.0
2023-02-22,12.9,0.2,0.0
2023-02-23,11.8,5.5,0.7
2023-02-24,8.7,2.7,2.5
2023-02-25,4.6,-0.7,1.0
2023-02-26,2.3,-4.0,0.4
2023-02-27,2.8,-4.4,0.0
2023-02-28,4.5,-3.8,0.0
2023-03-01,7.5,-3.1,0.0
2023-03-02,11.1,-1.3,0.0
2023-03-03,8.5,-1.9,0.0
2023-03-04,3.9,-3.6,0.2
2023-03-05,4.8,-0.7,0.1
2023-03-06,4.9,-0.5,1.1
2023-03-07,5.9,-0.1,0.6
2023-03-08,8.5,1.7,14.7
2023-03-09,11.3,7.1,17.3
2023-03-10,10.4,1.9,7.3
2023-03-11,3.5,-0.8,0.3
2023-03-12,7.6,-3.7,0.5
2023-03-13,17.1,5.8,8.6
2023-03-14,11.6,2.8,5.1
2023-03-15,5.0,-1.6,2.8
2023-03-16,8.4,-3.9,0.0
2023-03-17,16.0,1.2,0.0
2023-03-18,17.1,5.4,0.0
2023-03-19,14.9,5.2,7.7
2023-03-20,12.4,5.4,0.7
2023-03-21,14.9,3.5,2.4
2023-03-22,16.0,6.2,0.0
2023-03-23,13.7,10.4,3.2
2023-03-24,14.4,9.3,2.6
2023-03-25,11.2,6.6,4.7
2023-03-26,11.5,4.8,3.7
2023-03-27,6.4,1.4,2.7
2023-03-28,7.5,-1.9,0.0
2023-03-29,13.3,0.0,1.6
2023-03-30,14.5,9.5,6.8
2023-03-31,14.0,8.5,7.4
2023-04-01,10.2,7.8,7.4
2023-04-02,8.0,1.3,3.2
2023-04-03,6.2,0.2,0.0
2023-04-04,5.4,-2.8,0.0
2023-04-05,7.4,-4.3,0.0
2023-04-06,11.2,-4.2,0.0
2023-04-07,10.6,3.1,3.0
2023-04-08,8.8,0.2,0.3
2023-04-09,12.2,3.7,0.0
2023-04-10,15.5,0.5,0.0
2023-04-11,11.9,4.9,3.9
2023-04-12,12.3,4.5,7.8
2023-04-13,11.5,3.8,2.4
2023-04-14,12.0,2.3,0.6
2023-04-15,8.8,3.1,9.8
2023-04-16,10.1,6.9,8.4
2023-04-17,11.2,6.1,0.8
2023-04-18,13.2,3.7,0.3
2023-04-19,12.0,4.0,0.0
2023-04-20,11.2,2.2,3.1
2023-04-21,17.3,5.4,1.2
2023-04-22,21.4,6.7,0.8
2023-04-23,17.0,10.6,3.7
2023-04-24,12.5,7.0,1.4
2023-04-25,10.4,4.3,2.1
2023-04-26,11.1,1.0,0.0
2023-04-27,14.7,0.5,0.0
2023-04-28,15.4,7.7,5.2
2023-04-29,14.4,9.5,0.5
2023-04-30,16.6,8.4,0.0
2023-05-01,13.9,6.8,0.4
2023-05-02,15.8,7.2,2.1
2023-05-03,15.6,3.6,0.0
2023-05-04,19.5,4.5,0.0
2023-05-05,22.3,6.6,1.9
2023-05-06,19.3,10.2,0.5
2023-05-07,21.4,10.1,1.9
2023-05-08,18.2,10.7,1.7
2023-05-09,20.5,9.7,0.9
2023-05-10,16.4,11.8,8.3
2023-05-11,12.5,9.7,9.4
2023-05-12,14.8,10.1,2.7
2023-05-13,17.1,7.2,0.1
2023-05-14,17.4,7.8,0.1
2023-05-15,18.5,7.5,0.2
2023-05-16,14.8,8.2,2.5
2023-05-17,13.8,4.8,0.0
2023-05-18,16.2,5.2,0.0
2023-05-19,16.9,6.6,0.0
2023-05-20,21.2,11.1,0.0
2023-05-21,25.1,13.6,0.0
2023-05-22,26.5,12.0,0.1
2023-05-23,18.3,12.1,0.1
2023-05-24,15.2,8.7,0.0
2023-05-25,20.3,6.5,0.0
2023-05-26,21.1,9.1,0.0
2023-05-27,21.8,9.1,0.0
2023-05-28,23.2,8.1,0.0
2023-05-29,23.7,10.6,0.0
2023-05-30,21.4,11.7,0.0
2023-05-31,24.0,10.5,0.0
2023-06-01,25.6,11.3,0.0
2023-06-02,20.4,8.8,0.0
2023-06-03,22.6,10.4,0.0
2023-06-04,22.9,9.2,0.0
2023-06-05,24.7,10.7,0.2
2023-06-06,22.7,11.0,0.1
2023-06-07,23.6,13.2,0.3
2023-06-08,24.8,13.9,0.4
2023-06-09,26.7,13.2,0.0
2023-06-10,27.2,13.4,0.0
2023-06-11,27.8,15.3,0.0
2023-06-12,25.0,13.8,0.0
2023-06-13,24.3,12.5,0.0
2023-06-14,22.1,12.2,0.0
2023-06-15,24.0,11.4,0.2
2023-06-16,23.3,11.8,1.8
2023-06-17,26.0,11.7,0.0
2023-06-18,28.2,12.0,0.0
2023-06-19,27.6,18.7,1.0
2023-06-20,29.5,18.0,18.7
2023-06-21,27.5,18.3,0.3
2023-06-22,29.7,16.9,0.5
2023-06-23,22.3,16.6,1.1
2023-06-24,25.9,13.0,0.0
2023-06-25,27.4,13.3,0.0
2023-06-26,28.8,13.6,0.2
2023-06-27,21.8,14.5,0.0
2023-06-28,23.0,13.3,0.2
2023-06-29,26.4,14.9,0.1
2023-06-30,23.5,15.8,3.3
2023-07-01,22.1,12.3,0.0
2023-07-02,22.1,14.8,0.2
2023-07-03,22.2,14.1,0.0
2023-07-04,24.6,14.2,0.2
2023-07-05,21.6,15.5,3.0
2023-07-06,24.1,12.1,0.0
2023-07-07,28.2,10.6,0.0
2023-07-08,30.5,14.0,0.0
2023-07-09,32.9,16.4,0.0
2023-07-10,28.8,20.3,0.3
2023-07-11,32.6,18.0,0.4
2023-07-12,27.5,19.5,3.2
2023-07-13,23.9,16.5,0.0
2023-07-14,27.1,12.3,0.0
2023-07-15,33.0,18.3,0.5
2023-07-16,25.4,18.2,4.3
2023-07-17,25.9,15.0,0.0
2023-07-18,26.4,13.6,0.0
2023-07-19,28.0,14.6,0.0
2023-07-20,23.6,15.1,0.2
2023-07-21,22.7,14.8,1.0
2023-07-22,23.1,12.9,0.6
2023-07-23,26.1,15.1,0.3
2023-07-24,24.5,17.4,5.2
2023-07-25,19.4,14.8,18.9
2023-07-26,18.6,12.4,2.3
2023-07-27,18.2,12.4,12.0
2023-07-28,22.9,16.4,14.3
2023-07-29,23.8,16.1,13.9
2023-07-30,20.8,16.2,2.1
2023-07-31,21.3,15.8,2.5
2023-08-01,20.9,16.1,17.7
2023-08-02,21.8,14.1,16.6
2023-08-03,20.4,16.0,0.9
2023-08-04,20.6,13.8,19.2
2023-08-05,21.2,12.0,1.6
2023-08-06,18.5,12.5,14.8
2023-08-07,16.0,10.9,13.0
2023-08-08,19.2,11.3,0.4
2023-08-09,20.2,13.7,5.6
2023-08-10,23.2,8.4,0.0
2023-08-11,27.0,10.3,0.0
2023-08-12,27.1,15.5,0.7
2023-08-13,24.9,17.3,0.6
2023-08-14,28.6,18.2,6.9
2023-08-15,27.1,17.7,3.0
2023-08-16,29.2,16.9,7.8
2023-08-17,27.4,17.6,10.1
2023-08-18,29.1,16.8,0.0
2023-08-19,32.0,16.8,0.0
2023-08-20,30.7,20.8,0.0
2023-08-21,30.2,20.0,0.2
2023-08-22,29.9,18.0,0.0
2023-08-23,27.8,17.3,0.0
2023-08-24,28.8,14.9,0.2
2023-08-25,25.4,18.2,2.4
2023-08-26,22.8,16.4,7.9
2023-08-27,20.2,14.9,1.8
2023-08-28,16.6,12.1,0.1
2023-08-29,17.8,12.9,4.2
2023-08-30,19.4,10.4,4.5
2023-08-31,18.0,11.0,3.7
2023-09-01,20.7,13.3,5.1
2023-09-02,22.9,12.4,0.0
2023-09-03,23.3,13.0,0.0
2023-09-04,24.5,11.5,0.0
2023-09-05,25.3,13.7,0.0
2023-09-06,26.8,10.7,0.0
2023-09-07,27.4,13.0,0.0
2023-09-08,27.1,11.7,0.0
2023-09-09,27.4,11.1,0.0
2023-09-10,27.4,12.5,0.0
2023-09-11,27.9,12.8,0.0
2023-09-12,29.3,13.4,5.2
2023-09-13,22.2,16.4,0.9
2023-09-14,20.3,11.7,0.0
2023-09-15,23.5,9.5,0.0
2023-09-16,25.9,12.3,0.0
2023-09-17,27.5,14.5,0.1
2023-09-18,21.4,16.5,3.1
2023-09-19,20.4,15.0,0.1
2023-09-20,23.5,13.5,0.0
2023-09-21,24.6,11.9,2.0
2023-09-22,17.4,13.2,3.9
2023-09-23,16.5,9.8,0.3
2023-09-24,17.7,6.1,0.0
2023-09-25,20.2,7.7,0.0
2023-09-26,22.3,8.2,0.0
2023-09-27,23.4,9.3,0.0
2023-09-28,25.0,10.7,0.0
2023-09-29,24.9,11.6,0.2
2023-09-30,19.7,11.0,0.0
2023-10-01,21.5,7.5,0.0
2023-10-02,24.2,9.5,0.0
2023-10-03,24.5,12.2,2.1
2023-10-04,16.9,9.6,0.0
2023-10-05,15.6,8.1,0.0
2023-10-06,18.0,6.8,0.0
2023-10-07,18.6,9.6,0.0
2023-10-08,19.5,12.3,0.0
2023-10-09,20.6,11.3,0.0
2023-10-10,22.4,10.5,0.0
2023-10-11,24.0,12.8,0.0
2023-10-12,18.1,15.4,4.6
2023-10-13,24.6,14.6,0.0
2023-10-14,20.5,9.5,1.2
2023-10-15,11.1,4.8,0.6
2023-10-16,10.5,0.8,0.0
2023-10-17,10.6,1.6,0.0
2023-10-18,13.2,1.5,0.2
2023-10-19,18.4,9.0,12.7
2023-10-20,16.7,11.2,7.1
2023-10-21,17.3,11.9,0.1
2023-10-22,15.2,8.8,0.0
2023-10-23,15.2,4.3,0.0
2023-10-24,12.9,10.1,10.5
2023-10-25,15.0,7.6,8.8
2023-10-26,13.6,7.7,2.1
2023-10-27,13.3,9.0,4.1
2023-10-28,13.5,8.6,7.4
2023-10-29,16.0,10.3,8.7
2023-10-30,17.7,10.1,5.2
2023-10-31,12.9,9.2,3.7
2023-11-01,15.5,9.3,1.0
2023-11-02,12.1,7.5,2.0
2023-11-03,9.4,5.4,0.1
2023-11-04,10.8,4.1,5.7
2023-11-05,11.1,7.9,10.4
2023-11-06,12.1,7.7,5.1
2023-11-07,9.4,5.4,0.9
2023-11-08,10.4,5.1,0.0
2023-11-09,11.1,5.0,0.5
2023-11-10,9.1,4.6,3.8
2023-11-11,7.4,3.5,4.3
2023-11-12,8.2,0.9,0.3
2023-11-13,13.6,3.2,18.3
2023-11-14,13.0,8.8,5.9
2023-11-15,10.9,7.3,2.9
2023-11-16,8.8,4.9,5.5
2023-11-17,7.1,3.2,1.6
2023-11-18,7.2,-0.5,2.8
2023-11-19,13.3,6.0,5.8
2023-11-20,10.2,7.4,3.1
2023-11-21,9.1,4.5,1.3
2023-11-22,3.5,-0.5,0.1
2023-11-23,6.4,-0.9,0.4
2023-11-24,7.9,1.8,6.9
2023-11-25,3.7,-1.4,2.6
2023-11-26,3.9,-1.9,0.3
2023-11-27,2.8,0.9,12.2
2023-11-28,1.3,-2.0,7.1
2023-11-29,2.1,-4.3,1.0
2023-11-30,3.2,-2.0,1.5
2023-12-01,1.8,-1.8,2.4
2023-12-02,-1.5,-4.4,0.6
2023-12-03,-0.1,-5.4,0.0
2023-12-04,-1.6,-5.6,2.0
2023-12-05,4.8,-1.3,5.1
2023-12-06,2.3,-0.2,2.2
2023-12-07,2.5,-1.8,0.0
2023-12-08,3.2,-2.0,2.5
2023-12-09,7.1,1.1,7.9
2023-12-10,9.1,6.0,3.8
2023-12-11,10.9,7.1,1.3
2023-12-12,8.4,4.3,3.5
2023-12-13,9.0,3.8,2.8
2023-12-14,5.9,2.1,0.2
2023-12-15,5.3,0.2,0.0
2023-12-16,6.7,0.8,0.0
2023-12-17,5.8,-0.1,0.0
2023-12-18,6.8,0.2,0.0
2023-12-19,3.9,0.2,0.9
2023-12-20,5.2,3.1,7.8
2023-12-21,8.4,4.3,10.5
2023-12-22,7.0,3.1,8.0
2023-12-23,7.3,5.4,9.1
2023-12-24,8.4,6.7,4.6
2023-12-25,8.3,7.7,5.5
2023-12-26,9.1,5.9,0.4
2023-12-27,9.6,3.5,0.0
2023-12-28,10.1,4.8,0.5
2023-12-29,10.4,7.2,0.1
2023-12-30,9.5,3.1,0.3
2023-12-31,9.5,2.7,1.6
2024-01-01,7.5,4.5,2.3
2024-01-02,9.0,4.7,21.1
2024-01-03,9.8,7.0,10.0
2024-01-04,7.6,3.8,5.2
2024-01-05,8.5,3.4,0.0
2024-01-06,5.9,1.1,0.0
2024-01-07,3.0,-3.1,0.2
2024-01-08,-2.0,-6.8,0.1
2024-01-09,-0.4,-7.3,0.0
2024-01-10,-0.3,-6.2,0.0
2024-01-11,0.9,-7.4,0.0
2024-01-12,-0.5,-6.5,0.0
2024-01-13,-0.7,-2.5,0.0
2024-01-14,0.7,-3.7,0.0
2024-01-15,0.3,-3.7,2.2
2024-01-16,0.4,-6.0,0.0
2024-01-17,6.3,-6.9,9.1
2024-01-18,5.2,-3.7,8.4
2024-01-19,-0.8,-4.1,0.0
2024-01-20,-2.0,-9.1,0.0
2024-01-21,3.3,-10.3,0.0
2024-01-22,9.8,0.3,2.9
2024-01-23,6.8,3.2,1.2
2024-01-24,11.7,5.3,1.6
2024-01-25,8.1,3.4,0.2
2024-01-26,9.8,2.8,2.7
2024-01-27,6.4,-2.0,0.0
2024-01-28,7.5,-3.2,0.0
2024-01-29,7.7,-3.4,0.0
2024-01-30,9.0,-2.3,0.3
2024-01-31,8.2,3.1,0.7
2024-02-01,8.6,1.4,2.8
2024-02-02,8.6,0.3,0.3
2024-02-03,7.8,5.9,0.3
2024-02-04,8.4,7.0,2.4
2024-02-05,10.0,4.8,0.4
2024-02-06,7.4,4.5,0.0
2024-02-07,8.9,4.4,17.7
2024-02-08,10.2,4.1,11.1
2024-02-09,13.3,8.5,11.3
2024-02-10,12.0,6.3,1.4
2024-02-11,8.4,4.8,4.0
2024-02-12,8.3,4.3,2.9
2024-02-13,8.2,1.5,0.6
2024-02-14,10.2,1.5,0.3
2024-02-15,14.8,7.4,0.8
2024-02-16,16.0,5.6,3.8
2024-02-17,12.5,5.0,2.6
2024-02-18,11.8,3.4,2.1
2024-02-19,10.0,7.0,2.0
2024-02-20,9.1,4.6,0.5
2024-02-21,10.3,4.3,0.1
2024-02-22,11.1,7.5,13.9
2024-02-23,9.8,2.6,0.4
2024-02-24,7.8,0.8,1.4
2024-02-25,8.8,-0.1,0.4
2024-02-26,9.7,2.4,0.0
2024-02-27,9.9,4.6,0.0
2024-02-28,9.6,2.9,0.0
2024-02-29,10.2,-2.5,0.0
2024-03-01,10.0,-0.6,1.3
2024-03-02,12.9,3.0,0.1
2024-03-03,15.3,2.8,0.0
2024-03-04,11.0,1.4,0.0
2024-03-05,9.0,4.2,3.1
2024-03-06,10.3,3.2,0.7
2024-03-07,7.4,-0.4,0.0
2024-03-08,10.2,-0.7,0.0
2024-03-09,12.5,-0.6,0.0
2024-03-10,14.5,3.4,0.7
2024-03-11,12.6,3.9,1.9
2024-03-12,10.0,3.6,1.1
2024-03-13,10.6,5.1,2.5
2024-03-14,16.0,7.0,0.1
2024-03-15,15.2,8.5,0.2
2024-03-16,13.0,5.2,3.9
2024-03-17,11.9,2.6,0.0
2024-03-18,11.5,2.7,3.6
2024-03-19,13.7,3.6,0.4
2024-03-20,17.1,2.4,0.0
2024-03-21,14.8,3.8,1.3
2024-03-22,16.3,4.0,0.0
2024-03-23,10.0,3.3,3.3
2024-03-24,6.6,1.4,4.4
2024-03-25,10.1,2.6,0.2
2024-03-26,14.5,0.5,0.0
2024-03-27,16.5,2.2,4.8
2024-03-28,11.0,3.2,3.4
2024-03-29,13.2,4.2,3.2
2024-03-30,22.0,5.0,0.0
2024-03-31,18.3,7.8,2.1
2024-04-01,10.1,7.4,6.0
2024-04-02,12.4,6.4,0.5
2024-04-03,11.5,6.9,3.7
2024-04-04,13.2,8.4,7.3
2024-04-05,22.0,9.2,0.3
2024-04-06,24.5,11.2,0.1
2024-04-07,22.9,12.1,0.0
2024-04-08,26.0,13.9,0.0
2024-04-09,17.5,8.9,0.6
2024-04-10,13.0,6.0,0.1
2024-04-11,16.8,1.8,0.0
2024-04-12,19.5,4.3,0.0
2024-04-13,21.7,8.0,0.0
2024-04-14,20.8,12.7,0.0
2024-04-15,15.8,6.0,3.2
2024-04-16,9.3,3.6,7.8
2024-04-17,10.0,3.2,1.4
2024-04-18,9.6,1.1,1.8
2024-04-19,6.6,4.1,9.9
2024-04-20,9.3,3.1,1.4
2024-04-21,5.4,2.2,6.3
2024-04-22,7.8,-1.1,1.0
2024-04-23,10.1,-2.2,0.0
2024-04-24,7.2,0.7,5.3
2024-04-25,8.3,1.7,1.4
2024-04-26,13.6,1.6,0.2
2024-04-27,19.1,2.8,0.1
2024-04-28,19.3,5.8,0.0
2024-04-29,19.9,8.7,0.0
2024-04-30,25.6,10.2,0.0
2024-05-01,24.5,11.7,0.0
2024-05-02,22.4,11.9,1.4
2024-05-03,13.8,9.2,0.2
2024-05-04,16.9,5.3,0.0
2024-05-05,16.1,10.6,11.6
2024-05-06,18.2,9.1,5.1
2024-05-07,14.3,9.5,1.5
2024-05-08,14.3,8.6,0.0
2024-05-09,17.8,5.8,0.0
2024-05-10,20.0,7.8,0.0
2024-05-11,21.9,7.5,0.0
2024-05-12,22.3,9.9,0.0
2024-05-13,23.2,10.8,0.1
2024-05-14,23.7,10.4,0.0
2024-05-15,22.5,11.7,0.0
2024-05-16,19.7,11.9,2.2
2024-05-17,16.6,11.5,3.1
2024-05-18,17.9,11.2,0.3
2024-05-19,17.9,10.7,5.8
2024-05-20,21.1,8.3,0.9
2024-05-21,19.1,13.3,6.1
2024-05-22,18.7,12.9,1.4
2024-05-23,20.3,10.3,1.0
2024-05-24,18.6,11.8,13.9
2024-05-25,19.8,10.8,0.7
2024-05-26,22.5,9.8,0.1
2024-05-27,21.1,13.1,7.4
2024-05-28,17.5,11.0,0.1
2024-05-29,17.9,11.4,2.5
2024-05-30,18.4,12.6,14.8
2024-05-31,16.9,11.5,16.2
2024-06-01,17.6,12.7,15.2
2024-06-02,20.5,13.8,6.8
2024-06-03,19.0,11.1,0.1
2024-06-04,20.4,7.9,0.0
2024-06-05,19.5,12.5,1.1
2024-06-06,21.4,10.1,1.3
2024-06-07,20.9,9.7,0.0
2024-06-08,23.5,10.2,0.0
2024-06-09,21.5,11.2,0.0
2024-06-10,19.5,9.9,0.1
2024-06-11,16.5,8.6,0.2
2024-06-12,17.5,6.2,0.2
2024-06-13,17.6,8.6,0.2
2024-06-14,18.7,9.7,1.7
2024-06-15,19.7,13.3,6.5
2024-06-16,20.9,11.2,0.2
2024-06-17,21.2,14.0,4.7
2024-06-18,27.5,11.9,0.1
2024-06-19,23.3,14.3,6.4
2024-06-20,24.8,12.4,0.1
2024-06-21,24.6,17.4,8.9
2024-06-22,22.1,13.6,1.3
2024-06-23,23.4,12.7,0.5
2024-06-24,24.0,13.7,0.0
2024-06-25,26.4,14.5,0.0
2024-06-26,28.2,16.8,6.5
2024-06-27,28.3,17.1,0.9
2024-06-28,25.9,18.3,4.5
2024-06-29,31.1,16.0,0.0
2024-06-30,23.2,16.5,21.4
2024-07-01,19.8,14.3,3.8
2024-07-02,19.0,11.7,2.2
2024-07-03,17.7,11.0,9.5
2024-07-04,19.7,10.1,4.4
2024-07-05,22.1,12.2,0.0
2024-07-06,26.6,13.2,6.9
2024-07-07,21.0,11.7,0.0
2024-07-08,25.2,11.3,0.0
2024-07-09,29.6,15.3,0.0
2024-07-10,26.7,20.0,4.2
2024-07-11,25.6,17.0,10.8
2024-07-12,26.3,17.4,11.2
2024-07-13,21.0,12.8,2.2
2024-07-14,24.4,11.7,0.1
2024-07-15,29.4,13.6,1.7
2024-07-16,24.3,17.8,6.5
2024-07-17,23.8,14.7,0.0
2024-07-18,26.1,13.7,0.0
2024-07-19,28.4,15.0,0.0
2024-07-20,28.9,16.9,0.0
2024-07-21,27.2,17.7,7.3
2024-07-22,25.2,18.6,2.0
2024-07-23,24.3,15.9,2.2
2024-07-24,22.4,15.4,2.3
2024-07-25,24.5,13.2,0.0
2024-07-26,25.3,14.9,0.4
2024-07-27,25.8,17.8,18.0
2024-07-28,22.6,16.4,3.3
2024-07-29,25.4,12.7,0.0
2024-07-30,29.0,12.9,0.0
2024-07-31,31.6,15.5,0.0
2024-08-01,26.4,18.2,18.5
2024-08-02,24.5,18.2,4.1
2024-08-03,26.1,14.8,1.6
2024-08-04,23.2,16.8,2.1
2024-08-05,24.2,15.9,0.0
2024-08-06,27.6,13.5,0.0
2024-08-07,28.1,16.7,4.5
2024-08-08,22.8,16.3,0.3
2024-08-09,25.8,14.5,0.0
2024-08-10,27.4,17.3,0.1
2024-08-11,28.9,14.5,0.0
2024-08-12,30.8,16.9,0.0
2024-08-13,32.0,19.6,0.1
2024-08-14,29.7,18.7,0.0
2024-08-15,27.4,18.4,0.0
2024-08-16,28.9,18.2,0.0
2024-08-17,27.4,18.5,0.2
2024-08-18,24.7,17.2,10.9
2024-08-19,22.9,15.5,1.9
2024-08-20,23.5,13.9,0.0
2024-08-21,21.5,15.2,0.2
2024-08-22,23.4,10.9,0.0
2024-08-23,27.3,12.3,0.0
2024-08-24,31.8,15.7,0.6
2024-08-25,21.9,14.6,4.3
2024-08-26,22.5,9.3,0.0
2024-08-27,26.4,11.1,0.0
2024-08-28,29.7,14.0,0.0
2024-08-29,30.9,14.9,0.0
2024-08-30,31.0,17.0,0.0
2024-08-31,28.6,18.2,0.0
2024-09-01,30.2,17.7,0.0
2024-09-02,27.6,17.4,1.5
2024-09-03,28.6,16.9,4.7
2024-09-04,27.1,16.9,0.0
2024-09-05,30.6,17.7,0.1
2024-09-06,25.2,17.7,0.2
2024-09-07,28.3,15.3,0.0
2024-09-08,25.0,16.1,20.9
2024-09-09,19.0,14.1,7.4
2024-09-10,18.5,13.6,2.2
2024-09-11,14.6,9.7,4.6
2024-09-12,13.8,6.8,0.6
2024-09-13,13.9,6.3,0.4
2024-09-14,14.8,9.1,0.0
2024-09-15,16.5,6.5,0.1
2024-09-16,14.6,10.3,4.8
2024-09-17,20.2,13.1,1.1
2024-09-18,23.1,13.5,0.0
2024-09-19,21.3,14.4,0.6
2024-09-20,22.4,11.3,0.0
2024-09-21,22.2,10.3,0.0
2024-09-22,22.6,9.7,0.0
2024-09-23,20.9,11.0,4.0
2024-09-24,17.8,12.8,5.2
2024-09-25,18.5,12.5,2.6
2024-09-26,18.1,13.6,18.2
2024-09-27,16.8,11.5,1.2
2024-09-28,13.8,7.7,1.2
2024-09-29,13.0,4.1,0.0
2024-09-30,14.3,6.9,7.3
2024-10-01,16.6,10.0,1.1
2024-10-02,14.4,8.5,13.1
2024-10-03,12.6,7.2,0.7
2024-10-04,13.3,7.8,0.3
2024-10-05,12.3,6.8,0.7
2024-10-06,14.8,3.6,0.0
2024-10-07,18.7,7.9,9.6
2024-10-08,17.6,12.4,11.6
2024-10-09,19.2,10.8,0.6
2024-10-10,18.5,10.1,5.8
2024-10-11,11.9,4.8,5.7
2024-10-12,13.8,2.7,4.3
2024-10-13,13.1,7.1,6.6
2024-10-14,10.9,2.7,7.3
2024-10-15,12.9,5.4,0.0
2024-10-16,16.5,8.5,0.0
2024-10-17,18.3,8.4,0.0
2024-10-18,15.5,9.0,2.8
2024-10-19,17.4,11.8,0.3
2024-10-20,18.5,9.1,0.0
2024-10-21,19.3,11.7,0.4
2024-10-22,16.4,7.7,0.2
2024-10-23,13.8,4.1,0.0
2024-10-24,13.9,6.2,0.1
2024-10-25,16.8,6.5,0.0
2024-10-26,15.3,6.1,0.0
2024-10-27,15.8,8.0,0.0
2024-10-28,17.8,6.8,0.0
2024-10-29,15.9,8.0,0.5
2024-10-30,13.3,6.6,0.0
2024-10-31,12.8,6.2,0.0
2024-11-01,11.7,7.2,0.0
2024-11-02,11.3,6.1,0.1
2024-11-03,12.1,3.9,0.0
2024-11-04,9.9,1.0,0.0
2024-11-05,8.5,-0.1,0.0
2024-11-06,7.7,2.3,0.0
2024-11-07,7.6,2.8,0.0
2024-11-08,8.3,3.0,0.0
2024-11-09,9.3,1.2,0.0
2024-11-10,7.3,1.0,0.0
2024-11-11,6.9,2.9,3.5
2024-11-12,8.5,3.7,0.0
2024-11-13,6.4,3.1,1.4
2024-11-14,6.3,3.3,1.7
2024-11-15,8.7,4.6,0.3
2024-11-16,8.0,0.5,0.0
2024-11-17,5.1,1.3,2.7
2024-11-18,5.2,3.6,10.9
2024-11-19,10.7,3.9,15.5
2024-11-20,4.5,0.6,5.5
2024-11-21,1.8,-1.5,1.5
2024-11-22,1.8,-2.5,0.6
2024-11-23,4.1,-0.7,0.1
2024-11-24,14.4,4.2,0.0
2024-11-25,15.7,6.4,0.0
2024-11-26,11.8,5.1,4.7
2024-11-27,10.7,3.3,0.5
2024-11-28,10.6,3.9,0.6
2024-11-29,5.3,0.0,0.0
2024-11-30,4.5,-2.8,0.0
2024-12-01,2.3,-4.6,0.0
2024-12-02,5.3,-4.6,1.5
2024-12-03,5.3,0.8,2.1
2024-12-04,2.7,-1.7,0.0
2024-12-05,4.0,-2.2,0.5
2024-12-06,7.3,3.1,10.3
2024-12-07,5.7,1.7,8.2
2024-12-08,5.5,-0.1,0.0
2024-12-09,4.5,1.9,0.0
2024-12-10,3.1,1.1,0.5
2024-12-11,1.8,-0.6,0.0
2024-12-12,1.8,-3.0,0.0
2024-12-13,1.6,-3.3,0.0
2024-12-14,2.3,-3.3,0.0
2024-12-15,4.6,0.9,0.8
2024-12-16,7.9,4.9,0.1
2024-12-17,7.6,4.3,2.7
2024-12-18,10.5,3.0,0.7
2024-12-19,11.6,4.1,5.2
2024-12-20,4.7,-0.1,0.0
2024-12-21,5.4,-0.3,1.0
2024-12-22,6.3,0.7,9.6
2024-12-23,2.6,-1.5,0.1
2024-12-24,4.3,0.6,0.0
2024-12-25,4.8,0.3,0.0
2024-12-26,3.8,-2.7,0.0
2024-12-27,2.4,-5.5,0.0
2024-12-28,2.0,-4.7,0.0
2024-12-29,1.3,-5.6,0.0
2024-12-30,0.5,-2.3,0.0
2024-12-31,1.9,-2.2,0.0
2025-01-01,6.2,-1.8,0.0
2025-01-02,7.8,0.3,14.6
2025-01-03,1.1,-1.3,0.0
2025-01-04,0.8,-2.6,0.0
2025-01-05,7.5,-2.3,14.0
2025-01-06,13.6,3.9,0.0
2025-01-07,6.8,2.6,0.3
2025-01-08,3.0,0.7,8.6
2025-01-09,10.0,1.3,7.7
2025-01-10,2.5,-1.9,0.0
2025-01-11,2.4,-2.5,0.0
2025-01-12,2.1,-4.2,0.0
2025-01-13,0.2,-5.8,0.0
2025-01-14,1.0,-6.4,0.0
2025-01-15,3.5,-1.7,0.4
2025-01-16,4.8,-2.3,0.0
2025-01-17,0.8,-3.5,0.0
2025-01-18,4.1,-3.6,0.0
2025-01-19,6.4,-3.8,0.0
2025-01-20,3.2,-4.6,0.0
2025-01-21,3.0,-5.8,0.0
2025-01-22,4.8,-5.3,0.0
2025-01-23,5.7,0.5,2.9
2025-01-24,9.5,2.2,1.8
2025-01-25,13.7,5.7,0.0
2025-01-26,7.7,0.6,1.8
2025-01-27,11.7,4.4,4.0
2025-01-28,7.8,3.9,0.5
2025-01-29,8.7,1.6,2.4
2025-01-30,8.8,0.8,2.5
2025-01-31,5.4,-1.4,0.4
2025-02-01,4.2,-3.6,0.0
2025-02-02,3.4,-5.3,0.0
2025-02-03,3.0,-6.1,0.0
2025-02-04,1.0,-6.1,0.0
2025-02-05,2.5,-6.3,0.0
2025-02-06,3.0,-1.5,0.0
2025-02-07,4.3,-0.2,0.0
2025-02-08,6.7,-3.3,0.0
2025-02-09,3.1,-3.5,0.0
2025-02-10,5.3,-1.6,0.2
2025-02-11,5.9,1.1,5.8
2025-02-12,4.8,1.8,8.9
2025-02-13,4.7,-2.5,2.9
2025-02-14,1.6,-3.1,0.1
2025-02-15,0.8,-4.9,0.0
2025-02-16,1.7,-3.7,0.2
2025-02-17,1.7,-6.1,0.0
2025-02-18,2.3,-8.0,0.0
2025-02-19,3.7,-5.4,0.0
2025-02-20,6.2,-3.3,0.0
2025-02-21,13.4,0.9,0.6
2025-02-22,10.3,2.3,0.0
2025-02-23,13.1,4.6,0.0
2025-02-24,12.5,1.6,0.1
2025-02-25,11.9,6.0,5.5
2025-02-26,7.6,3.0,1.4
2025-02-27,6.9,1.3,5.9
2025-02-28,5.4,-0.4,4.2
2025-03-01,6.1,-1.7,0.1
2025-03-02,7.0,-2.3,0.0
2025-03-03,9.3,-3.5,0.0
2025-03-04,10.9,-2.1,0.0
2025-03-05,12.2,-3.0,0.0
2025-03-06,14.6,-1.2,0.0
2025-03-07,15.1,-0.5,0.0
2025-03-08,15.0,-0.1,0.0
2025-03-09,14.9,-0.5,0.0
2025-03-10,16.3,0.2,0.0
2025-03-11,13.2,5.1,1.4
2025-03-12,6.0,3.2,7.6
2025-03-13,6.6,-0.2,0.5
2025-03-14,6.2,1.6,5.1
2025-03-15,7.2,0.4,0.0
2025-03-16,9.2,-0.8,0.0
2025-03-17,6.4,-2.2,0.2
2025-03-18,8.1,-3.4,0.0
2025-03-19,11.3,-3.2,0.0
2025-03-20,15.0,-2.0,0.0
2025-03-21,18.3,0.5,0.0
2025-03-22,15.8,6.0,0.0
2025-03-23,14.5,5.4,1.0
2025-03-24,15.2,6.1,4.8
2025-03-25,15.7,5.1,0.1
2025-03-26,9.6,5.0,1.1
2025-03-27,12.5,2.6,0.0
2025-03-28,14.3,-0.4,0.0
2025-03-29,12.9,5.9,0.3
2025-03-30,10.3,2.6,1.6
2025-03-31,9.6,3.3,1.0
2025-04-01,10.8,1.8,0.5
2025-04-02,15.2,4.1,0.0
2025-04-03,18.0,5.2,0.0
2025-04-04,18.8,3.8,0.0
2025-04-05,17.8,4.9,0.0
2025-04-06,7.2,-0.5,0.0
2025-04-07,9.5,-2.2,0.0
2025-04-08,12.9,-1.3,0.0
2025-04-09,13.9,-0.2,0.0
2025-04-10,11.2,2.0,0.0
2025-04-11,17.1,3.2,0.0
2025-04-12,19.5,4.6,0.0
2025-04-13,17.3,9.3,0.0
2025-04-14,17.7,6.6,0.2
2025-04-15,20.9,9.1,4.9
2025-04-16,23.8,8.1,0.0
2025-04-17,15.3,9.1,3.3
2025-04-18,11.6,7.3,0.3
2025-04-19,14.4,6.7,0.0
2025-04-20,20.2,4.4,6.5
2025-04-21,17.0,4.1,5.1
2025-04-22,15.8,7.2,0.7
2025-04-23,18.4,5.6,0.9
2025-04-24,13.1,8.7,7.1
2025-04-25,11.7,7.2,5.6
2025-04-26,16.8,5.1,0.0
2025-04-27,16.6,5.9,0.0
2025-04-28,19.2,4.4,0.0
2025-04-29,21.0,7.0,0.0
2025-04-30,22.6,7.1,0.0
2025-05-01,24.0,7.9,0.0
2025-05-02,25.3,9.5,0.0
2025-05-03,20.6,13.7,9.3
2025-05-04,14.2,8.3,1.9
2025-05-05,12.9,5.5,0.0
2025-05-06,15.1,5.4,0.0
2025-05-07,14.4,5.1,0.0
2025-05-08,14.1,7.6,0.0
2025-05-09,16.6,4.1,0.0
2025-05-10,18.9,4.1,0.0
2025-05-11,21.6,6.5,0.0
2025-05-12,19.3,8.0,0.0
2025-05-13,19.8,7.1,0.0
2025-05-14,22.5,6.8,0.0
2025-05-15,16.3,9.7,0.0
2025-05-16,16.1,4.7,0.2
2025-05-17,16.4,6.1,0.2
2025-05-18,17.1,8.4,0.3
2025-05-19,18.6,5.5,0.0
2025-05-20,21.4,7.4,0.0
2025-05-21,19.7,10.0,0.7
2025-05-22,16.4,8.5,2.4
2025-05-23,14.1,2.8,0.2
2025-05-24,16.8,2.7,0.0
2025-05-25,18.0,9.6,6.8
2025-05-26,18.1,12.0,1.2
2025-05-27,18.4,9.5,0.3
2025-05-28,16.8,12.1,13.7
2025-05-29,17.7,9.9,0.0
2025-05-30,24.1,13.9,0.0
2025-05-31,27.9,13.8,2.2
2025-06-01,24.4,14.9,1.7
2025-06-02,21.6,14.0,3.2
2025-06-03,21.6,12.1,0.0
2025-06-04,21.4,14.1,5.9
2025-06-05,19.5,14.1,0.6
2025-06-06,19.6,13.9,1.9
2025-06-07,19.1,14.0,1.2
2025-06-08,17.1,10.4,7.7
2025-06-09,17.7,6.9,0.0
2025-06-10,21.9,7.6,0.0
2025-06-11,20.6,11.4,0.0
2025-06-12,26.4,10.7,0.0
2025-06-13,29.7,13.0,0.0
2025-06-14,32.0,17.0,0.1
2025-06-15,28.6,14.6,6.3
2025-06-16,21.8,14.4,0.8
2025-06-17,24.1,11.8,0.0
2025-06-18,28.0,12.6,0.0
2025-06-19,26.0,15.3,0.0
2025-06-20,24.9,12.1,0.0
2025-06-21,28.0,12.4,0.0
2025-06-22,31.7,13.4,0.0
2025-06-23,27.3,18.8,0.0
2025-06-24,26.5,14.6,0.0
2025-06-25,31.1,18.0,0.0
2025-06-26,28.7,17.7,1.9
2025-06-27,22.4,18.0,2.2
2025-06-28,29.0,16.2,0.0
2025-06-29,31.3,16.4,0.0
2025-06-30,30.8,18.7,0.0
2025-07-01,32.7,17.9,0.0
2025-07-02,34.3,18.9,0.0
2025-07-03,26.6,19.8,0.7
2025-07-04,26.8,14.6,0.0
2025-07-05,28.7,12.8,0.0
2025-07-06,23.5,15.9,0.5
2025-07-07,21.3,14.4,4.8
2025-07-08,18.5,12.0,1.0
2025-07-09,20.0,11.2,2.2
2025-07-10,24.1,11.5,0.0
2025-07-11,23.5,13.0,0.7
2025-07-12,23.4,14.3,0.0
2025-07-13,25.5,15.2,0.0
2025-07-14,24.3,13.4,12.2
2025-07-15,23.2,15.7,2.6
2025-07-16,21.0,14.2,8.2
2025-07-17,21.5,13.1,0.8
2025-07-18,24.7,13.3,0.0
2025-07-19,29.2,13.4,0.0
2025-07-20,29.7,15.9,3.2
2025-07-21,21.9,16.1,6.2
2025-07-22,21.2,15.0,17.9
2025-07-23,22.8,14.4,0.0
2025-07-24,24.0,14.2,1.4
2025-07-25,24.3,13.7,3.8
2025-07-26,21.8,14.5,8.6
2025-07-27,23.2,14.8,6.1
2025-07-28,20.3,14.1,8.7
2025-07-29,20.8,12.6,1.7
2025-07-30,19.7,13.8,8.9
2025-07-31,20.7,12.7,0.9
2025-08-01,21.4,14.7,6.3
2025-08-02,20.1,12.3,0.3
2025-08-03,16.7,12.9,1.4
2025-08-04,20.7,12.9,4.1
2025-08-05,23.2,15.3,1.1
2025-08-06,20.9,10.9,0.0
2025-08-07,24.7,9.8,0.4
2025-08-08,28.9,13.3,0.0
2025-08-09,31.3,15.7,0.0
2025-08-10,26.2,16.4,0.0
2025-08-11,26.7,12.8,0.0
2025-08-12,29.3,13.0,0.0
2025-08-13,31.5,15.9,0.0
2025-08-14,32.7,17.7,0.0
2025-08-15,33.4,18.5,0.0
2025-08-16,28.5,18.3,6.7
2025-08-17,24.0,14.3,0.0
2025-08-18,24.3,11.3,0.0
2025-08-19,26.7,12.0,0.0
2025-08-20,28.4,13.1,0.0
2025-08-21,25.6,15.9,0.0
2025-08-22,21.2,12.7,0.0
2025-08-23,17.9,10.9,1.3
2025-08-24,20.1,8.3,0.0
2025-08-25,22.2,7.1,0.0
2025-08-26,25.8,8.0,0.0
2025-08-27,27.1,15.9,10.1
2025-08-28,21.5,16.5,23.7
2025-08-29,22.7,15.1,6.2
2025-08-30,20.9,13.2,0.2
2025-08-31,23.5,11.1,0.0
2025-09-01,20.7,12.7,4.2
2025-09-02,20.8,13.8,2.4
2025-09-03,22.5,12.4,0.0
2025-09-04,25.0,15.6,10.0
2025-09-05,18.6,13.0,3.3
2025-09-06,21.6,8.5,0.0
2025-09-07,22.7,10.4,0.0
2025-09-08,22.1,8.7,0.0
2025-09-09,19.5,11.2,6.1
2025-09-10,15.2,10.4,4.9
2025-09-11,19.0,9.4,0.8
2025-09-12,18.1,11.4,1.1
2025-09-13,20.5,9.4,0.0
2025-09-14,18.0,12.3,6.6
2025-09-15,22.0,15.1,2.8
2025-09-16,16.9,12.5,0.2
2025-09-17,17.0,9.5,0.5
2025-09-18,23.7,12.6,0.0
2025-09-19,26.1,11.7,0.0
2025-09-20,28.5,10.6,0.0
2025-09-21,21.6,13.1,12.3
2025-09-22,13.0,9.8,23.2
2025-09-23,15.1,9.4,0.1
2025-09-24,12.2,9.6,15.2
2025-09-25,11.9,8.8,14.3
2025-09-26,14.4,6.6,1.0
2025-09-27,14.9,9.6,2.0
2025-09-28,16.0,8.2,0.2
2025-09-29,16.5,8.0,0.3
2025-09-30,14.4,9.7,0.4
2025-10-01,13.3,4.3,0.0
2025-10-02,13.4,2.5,0.0
2025-10-03,13.8,2.2,0.0
2025-10-04,17.0,8.4,4.9
2025-10-05,12.4,8.3,0.8
2025-10-06,11.9,7.7,0.8
2025-10-07,14.5,9.8,0.0
2025-10-08,16.4,9.8,0.1
2025-10-09,16.3,10.7,0.7
2025-10-10,14.4,7.7,0.1
2025-10-11,15.7,9.9,0.2
2025-10-12,14.2,9.2,0.5
2025-10-13,14.9,9.4,0.0
2025-10-14,14.7,6.1,0.0
2025-10-15,14.1,7.5,0.0
2025-10-16,12.6,5.3,0.2
2025-10-17,13.9,8.3,0.2
2025-10-18,11.5,3.8,0.0
2025-10-19,10.9,2.7,0.0
2025-10-20,13.1,6.8,1.9
2025-10-21,15.3,9.8,0.2
2025-10-22,15.1,11.0,9.3
2025-10-23,14.0,9.9,22.4
2025-10-24,9.8,5.8,4.4
2025-10-25,11.5,6.7,2.7
2025-10-26,8.8,5.1,1.5
2025-10-27,9.6,5.1,14.9
2025-10-28,12.3,6.2,1.3
2025-10-29,14.8,8.1,0.0
2025-10-30,12.5,3.6,3.8
2025-10-31,12.2,1.1,0.0
2025-11-01,14.4,3.8,0.8
2025-11-02,12.7,9.0,5.7
2025-11-03,10.8,5.5,0.2
2025-11-04,14.5,5.7,0.0
2025-11-05,11.5,1.1,0.0
2025-11-06,6.6,1.4,0.0
2025-11-07,4.9,1.1,0.0
2025-11-08,4.8,2.0,0.6
2025-11-09,8.8,4.7,2.5
2025-11-10,10.7,5.0,0.1
2025-11-11,12.3,4.6,0.0
2025-11-12,11.1,2.3,0.0
2025-11-13,15.1,2.3,0.0
2025-11-14,13.5,3.7,0.0
2025-11-15,11.9,7.3,0.1
2025-11-16,12.3,5.8,0.3
2025-11-17,7.4,0.1,5.2
2025-11-18,3.5,-1.9,0.0
2025-11-19,4.6,-1.6,1.5
2025-11-20,3.2,-2.0,0.4
2025-11-21,1.2,-4.8,0.0
2025-11-22,-1.6,-8.8,0.0
2025-11-23,1.3,-10.2,1.0
2025-11-24,3.7,-0.3,5.2
2025-11-25,4.0,-0.6,0.2
2025-11-26,3.6,-0.6,0.7
2025-11-27,3.6,-2.0,0.1
2025-11-28,5.0,1.8,1.7
2025-11-29,8.1,4.5,3.3
2025-11-30,6.1,2.1,2.4
2025-12-01,4.9,-0.5,0.0
2025-12-02,5.9,-1.2,0.0
2025-12-03,1.4,-0.9,0.0
2025-12-04,2.1,0.0,0.0
2025-12-05,3.4,-1.3,0.0
2025-12-06,6.2,0.3,6.6
2025-12-07,9.4,5.2,5.4
2025-12-08,13.5,8.9,8.0
2025-12-09,13.6,7.3,0.0
2025-12-10,9.9,5.5,0.7
2025-12-11,10.3,4.6,0.4
2025-12-12,8.7,2.8,0.0
2025-12-13,4.7,2.0,0.0
2025-12-14,6.5,4.2,0.0
2025-12-15,4.9,0.5,0.0
2025-12-16,2.9,-1.3,0.0
2025-12-17,4.1,-2.5,0.0
2025-12-18,7.8,0.1,0.0
2025-12-19,8.0,1.8,0.6
2025-12-20,6.6,1.9,0.1
2025-12-21,5.2,0.1,0.0
2025-12-22,3.9,-0.6,0.0
2025-12-23,3.9,1.3,0.0
2025-12-24,1.9,-2.9,0.0
2025-12-25,2.1,-3.1,0.0
2025-12-26,3.5,-4.0,0.0
2025-12-27,3.9,-4.4,0.0
2025-12-28,2.3,-3.8,0.0
2025-12-29,0.2,-8.5,0.0
2025-12-30,2.1,-4.1,0.0
2025-12-31,1.0,-6.5,0.0
2026-01-01,0.5,-1.0,0.2
2026-01-02,1.4,-1.8,4.7
2026-01-03,-0.7,-3.0,0.7
2026-01-04,-1.1,-5.5,0.0
2026-01-05,-2.8,-9.3,0.0
2026-01-06,-3.7,-9.6,0.6
2026-01-07,-3.6,-8.0,0.3
2026-01-08,0.4,-4.8,2.0
2026-01-09,6.0,0.5,12.3
2026-01-10,1.3,-4.8,5.2
2026-01-11,-1.5,-9.2,0.0
2026-01-12,3.5,-4.8,5.1
2026-01-13,7.1,1.4,3.5
2026-01-14,9.1,1.6,0.8
2026-01-15,10.6,2.5,3.0
2026-01-16,8.4,0.1,0.0
2026-01-17,1.7,-1.4,0.0
2026-01-18,5.1,-1.5,0.0
2026-01-19,5.1,-2.8,0.0
2026-01-20,3.1,-4.3,0.0
2026-01-21,1.9,-6.4,0.0
2026-01-22,-1.7,-8.6,0.0
2026-01-23,0.7,-6.8,0.0
2026-01-24,-0.7,-5.3,0.1
2026-01-25,-0.1,-5.5,2.1
2026-01-26,-0.3,-2.1,17.4
2026-01-27,1.5,-2.5,0.8
2026-01-28,1.5,0.5,5.5
2026-01-29,0.4,-0.8,6.5
2026-01-30,1.3,-1.4,0.1
2026-01-31,1.8,-0.7,0.0
2026-02-01,2.2,-0.8,0.1
2026-02-02,1.1,-2.2,0.4
2026-02-03,1.3,-2.8,2.3
2026-02-04,3.7,-4.9,0.0
2026-02-05,2.5,-1.4,0.0
2026-02-06,2.1,-0.9,0.8
2026-02-07,6.6,0.1,0.0
2026-02-08,5.5,0.8,0.0
2026-02-09,5.9,-2.3,0.1
2026-02-10,7.0,-1.7,0.2
2026-02-11,8.8,2.9,11.8
2026-02-12,10.7,5.0,7.5
2026-02-13,8.8,3.3,5.5
2026-02-14,3.6,-0.2,0.0
2026-02-15,1.8,-1.8,0.3
2026-02-16,7.3,-0.9,10.9
2026-02-17,6.0,0.7,5.1
2026-02-18,4.7,-0.4,0.0
2026-02-19,1.0,-0.4,11.0
2026-02-20,2.0,-6.0,0.2
2026-02-21,9.0,2.3,2.6
2026-02-22,11.6,7.3,6.1
2026-02-23,11.2,8.2,4.3
2026-02-24,11.9,6.6,1.7
2026-02-25,12.1,5.0,0.0
2026-02-26,14.2,4.3,0.0
2026-02-27,18.0,3.8,0.0
2026-02-28,14.6,5.2,0.0
2026-03-01,12.0,3.4,0.2
2026-03-02,13.0,-0.5,0.0
2026-03-03,12.1,-0.9,0.0
2026-03-04,12.8,0.2,0.0
2026-03-05,13.6,-0.6,0.0
2026-03-06,14.0,0.2,0.0
2026-03-07,14.3,-0.4,0.0
2026-03-08,14.3,-0.2,0.0
2026-03-09,14.9,-0.5,0.0
2026-03-10,16.7,1.4,3.6
2026-03-11,14.1,6.2,4.1
2026-03-12,11.5,4.0,0.6
2026-03-13,14.3,2.1,0.0
2026-03-14,10.9,4.1,5.8
2026-03-15,7.5,2.8,0.1
2026-03-16,7.6,1.7,2.9
2026-03-17,7.8,0.9,0.0
2026-03-18,13.0,-0.9,0.0
2026-03-19,13.2,1.8,0.0
2026-03-20,12.5,0.1,0.0
2026-03-21,11.3,4.6,0.8
2026-03-22,13.5,1.8,0.0
2026-03-23,13.6,0.8,0.0
2026-03-24,14.5,1.6,0.0
2026-03-25,10.4,2.4,5.9
2026-03-26,7.0,0.3,3.8
2026-03-27,6.3,-2.4,0.0
2026-03-28,6.6,-3.4,2.5
2026-03-29,8.0,-0.7,0.0
2026-03-30,8.3,2.0,7.1
2026-03-31,8.9,-0.1,0.7
